Year,Month,ALA SeaLevel (mm),CAR SeaLevel (mm),CEA SeaLevel (mm),CWP SeaLevel (mm),MID SeaLevel (mm),NEA SeaLevel (mm),NEF SeaLevel (mm),NPL SeaLevel (mm),NWP SeaLevel (mm),SEA SeaLevel (mm),SPL SeaLevel (mm),SWP SeaLevel (mm),CAN SeaLevel (mm),USA SeaLevel (mm),USC SeaLevel (mm)
1961,Jan,7291.44,,6890.32,7145.4,,7055,6726.7,7405,7128.89,6874,6809,7064.88,7015.84,6987.42,6993.4
1961,Feb,7241.67,,6976.14,7164.2,,6995,6932.8,7270,7121.76,6908.23,6834.33,7003.5,7064.05,7013.48,7024.13
1961,Mar,7190.22,,7031.96,7186.8,,6985,6966.6,7220,7059.41,6975,6923,6976.88,7035.8,7043.47,7041.85
1961,Apr,7048.78,,7055.23,6955.2,,6995,7344,7370,6947.51,6952.77,6930,6949.75,7100.79,7003.4,7023.9
1961,May,7035.11,,7009.41,6978.4,,6905,7184,7360,6961.49,6987.69,6962.67,6928.63,7052.4,6992.87,7005.4
1961,Jun,7089.67,,6994.77,6986.8,,6925,6974.4,7440,7087.67,6979.85,6939,7003.13,7064.13,7003.43,7016.21
1961,Jul,7078.89,,7016.77,6925.2,,6895,6932,7445,6991.33,7006,6944.33,7039.38,6995.13,7015.52,7011.22
1961,Aug,7156.78,,7000.41,6932,,6885,6838,7400,6981.11,7042,6981.67,7063.88,6956.56,7034.7,7018.25
1961,Sep,7108.67,,7053.59,6921.8,,6885,6803.2,7360,6965.11,7115.92,7248,7065.13,6934.19,7075.63,7045.86
1961,Oct,7211.33,,7051.32,6925.8,,6915,6784.8,7320,6986.71,7093.46,7121,7015.63,6939.96,7072.72,7044.77
1961,Nov,7190.11,,7003.05,6974.8,,6965,6701.4,7435,7011.76,7071.69,7097.67,7016.75,6938.3,7050.18,7026.63
1961,Dec,7182.11,,6935.82,7056.4,,7055,6722.2,7400,7081.37,6968.69,6957.33,7030.13,6987.39,7003.58,7000.17
1962,Jan,7137.33,,6869.14,6938.6,,6925,6574,7410,7011,6866.23,6783,7021,6894,6930.47,6922.79
1962,Feb,7068.67,,6959.73,7044.8,,6875,6851.2,7210,7047.35,6936.39,6853.67,7063,6985.45,6986.57,6986.33
1962,Mar,7031.56,,7067.23,7006.4,,7005,6896.2,7250,6934.81,7018.23,6953.33,6948.75,6946.83,7024.7,7008.31
1962,Apr,7053.67,,6941.23,6964.4,,6915,7247.8,7190,6943.38,6908.31,6964.33,6924.63,7052.15,6951.83,6972.95
1962,May,6996.56,,7003.27,6949.6,,6885,7097.07,7290,6930.4,6998.39,6958.67,6962.19,7002.12,6989.03,6991.78
1962,Jun,7036.33,,7015.64,6908.4,,6885,6778,7430,7044.33,7030.23,6965.67,6985.38,6975.25,7006.43,6999.87
1962,Jul,7045.89,,7029.68,6885.4,,6945,6757.4,7400,6967.3,7016.31,6864,7028.63,6927.35,7008.77,6991.63
1962,Aug,7123.67,,7036.55,6934,,6895,6696,7400,6991,7065.08,6926,7059.69,6918.38,7044.81,7018.19
1962,Sep,7144.22,,7044.23,6966,,6905,6641.4,7390,6993.59,7108.69,7071.33,7093.88,6902.77,7074.65,7038.47
1962,Oct,7270.78,,7054.55,7027.07,,6975,6755.4,7360,7069.25,7080.62,7038.67,7097.06,6983.46,7095.21,7071.69
1962,Nov,7309.22,,7053.82,7069.27,,6995,6784.6,7340,7108.62,7024.15,6981.67,7014.56,7014.72,7078.15,7064.79
1962,Dec,7239.67,,6947.55,7085.53,,6965,6613.3,7440,7122.1,6941.23,6863,7044.75,6973.15,7010.23,7002.42
1963,Jan,7097.22,,6907.46,6933.47,,6965,6691.8,7390,6976.56,6936.85,6840.67,7029.5,6912.69,6957.39,6947.98
1963,Feb,7190.11,,6831.27,7058.67,,6935,6573.6,7305,7084.49,6877.08,6773.67,7060.75,6929.28,6941.69,6939.08
1963,Mar,7040,,6954.68,7011,,6845,6743.8,7230,6950.21,6869.31,6868,6966.25,6896.62,6950.88,6939.46
1963,Apr,7058.22,,6964.39,7050.6,,6935,7271.6,7230,7025.92,6924.46,6938.33,6979.25,7109.77,6977.68,7005.48
1963,May,7047.89,,6949.73,6960.8,,6795,6913.33,7250,6978.3,6959.62,6905.67,6974.13,6963.52,6968.57,6967.51
1963,Jun,7064.78,,7004.25,6936.2,,6885,6725.8,7330,7076.56,6972,6905.67,7022.5,6970.81,6998.18,6992.42
1963,Jul,7096.22,,7005.91,6949.2,,6925,6661.8,7310,7038.04,6971.69,6861.67,7059.63,6930.4,7007.27,6991.08
1963,Aug,7100.44,,6988.43,6925.6,,6905,6690.2,7370,6986.56,7000.85,6855,7078.25,6912.81,7007.99,6987.95
1963,Sep,7210.33,,7037.27,6996.3,,6915,6651.8,7430,7036.74,7126,7071.33,7130.88,6933.42,7093.23,7059.58
1963,Oct,7355.89,,6986.86,7049.53,,6975,6650.4,7480,7126.24,7080.31,7072,7076.38,6990.2,7083.88,7064.16
1963,Nov,7282,,7024.05,7126.53,,7015,6969,7560,7153.7,7008.08,7013,7079.88,7112.71,7074.71,7082.71
1963,Dec,7266.56,,6877.23,7085.07,,6995,6685.8,7480,7128.94,6873.62,6815.33,7065.5,7004.03,6974.17,6980.46
1964,Jan,7264.39,,6918.77,7158.53,,6985,6775.2,7420,7186.56,6849.15,6739,7044.38,7060,6983.27,6999.42
1964,Feb,7122.5,,6895.64,6913.53,,6945,6738.2,7400,6923.86,6838.54,6766.67,6956.63,6896.92,6920.47,6915.51
1964,Mar,7046.72,,6949.23,7002.6,,6855,6905.6,7190,6938.94,6881.77,6865,6924,6938.96,6946.11,6944.6
1964,Apr,7011.72,,6911.86,6869.8,,6725,6857,7200,6868.46,6905.62,6921.67,6890.75,6876.63,6919.66,6910.6
1964,May,6987.2,,6976.14,6874,,6895,6872.8,7400,6887.98,6993.85,7006.33,6905.13,6915.68,6965.16,6954.75
1964,Jun,7045.33,,6979.96,6954,,6885,6706.6,7360,7069.89,6987.08,6922.67,6954.5,6962.94,6982.88,6978.68
1964,Jul,7102.56,,6998.55,6937.4,,6885,6666.6,7270,7023.22,6951.92,6843.33,6981.75,6918.56,6988.95,6974.13
1964,Aug,7147.85,,7017.46,6944.8,,6905,6592.8,7390,7014.33,7027.85,6944.33,7064,6899.25,7035.76,7007.02
1964,Sep,7109.67,,7044,6934,,6945,6495,7500,6976.56,7137.08,7103.33,7059.5,6856.81,7069.88,7025.03
1964,Oct,7254.39,,7015.91,6960,,6925,6579.2,7530,7013.22,7089.15,7061,7036.25,6904.38,7067.86,7033.44
1964,Nov,7191.22,,7006.68,7052,,7005,6581.6,7510,7057.67,7009.46,7001,7020.38,6933.88,7040.28,7017.88
1964,Dec,7198.61,,6919.86,7177.6,,6925,6666.2,7290,7148.78,6940.54,6952.33,7047.25,6992.81,7006.24,7003.42
1965,Jan,7172.5,,6939.68,7165,,7015,6581,7370,7113.22,6918.54,6855.67,7042.13,6956.81,6998.26,6989.53
1965,Feb,7092.39,,6923.27,7032.2,,6925,6668.6,7330,6989.89,6907.31,6923,7033.25,6906.69,6968.91,6955.81
1965,Mar,7013.67,,6930.14,6994.2,,6965,6667.4,7200,6904.33,6896,6806,7020.38,6852.56,6946.43,6926.67
1965,Apr,7033.28,,6994.27,7030.8,,6905,6750.4,7250,6974.33,6952.08,6952.33,7033.63,6917.25,6997.18,6980.35
1965,May,6998.74,,6984.07,6885,,6835,6846,7380,6891,6946.08,7033.33,6926.88,6904,6964.62,6951.86
1965,Jun,7037.44,,7005.46,6935.8,,6935,6655.6,7370,7049.89,6998.46,7019.33,7002,6939.5,7003.17,6989.76
1965,Jul,7030.56,,7010.98,6933,,6905,6554.8,7420,6992.11,6996.15,6893.33,7042.25,6876.75,7002.49,6976.02
1965,Aug,7075.04,,6985.21,6976.8,,6885,6613.2,7360,7001.56,7026.92,6987,7114.38,6895.31,7024.33,6997.17
1965,Sep,7064.83,,7028.52,6966,,6885,6665.4,7440,6964.33,7133.31,7201.33,7141.13,6895.69,7075.12,7037.34
1965,Oct,7281.39,,7005.16,7017.8,,6985,6994,7460,7059.89,7075.15,7149.33,7101.5,7059.63,7082.87,7077.97
1965,Nov,7177,,6986.23,7170.4,,7015,6955,7550,7188.78,7048,7118,7122.75,7127.44,7068.37,7080.8
1965,Dec,7223.11,,6946.89,7180,,6965,6822.8,7370,7195.44,6965,7074,7138.5,7075.5,7043.58,7050.3
1966,Jan,7145.89,,6937.09,7193.6,,7095,6848.2,7375,7165.44,6966.46,6979.67,7073.75,7075,7016.5,7028.82
1966,Feb,7092.44,,6919.09,7066.2,,7025,6810.4,7320,7083.22,6905.08,6906.67,7011.35,7009.13,6966,6975.08
1966,Mar,7157.33,,6960.93,7096.6,,6945,6977,7330,7071,6938.46,6879,6976.42,7049.94,6994.8,7006.41
1966,Apr,6976.44,,6985.34,6947.4,,6905,7071.6,7260,6918.78,6960.08,6985.67,6997.13,6987,6976.96,6979.07
1966,May,7056.56,,6992.18,6881.2,,6895,6985.3,7400,6919.33,7059.69,7112,6991.76,6968.47,7013.15,7003.75
1966,Jun,7071.89,,6994.11,6911.2,,6905,6819.8,7330,7086,7032.92,6993,7009.01,7006.75,7009.21,7008.69
1966,Jul,7031.89,,7033.52,6932.6,,6975,6662.4,7400,7002.11,7014.54,6937.67,7040.43,6919.13,7016.88,6996.3
1966,Aug,7113.94,,7013.59,6921.8,,6955,6708.5,7310,6968.78,7028.92,6928,7094.28,6907.91,7030.8,7004.92
1966,Sep,7218.11,,7078.5,6946.6,,6985,6670.5,7370,6994.33,7105.85,7033.33,7071.44,6916.03,7091.18,7054.3
1966,Oct,7251.17,,6965.84,6965.6,,6955,6699.8,7440,7007.67,7056.85,7067,7053.03,6935.19,7045.02,7021.9
1966,Nov,7136.72,,6996.18,7089.8,,6865,6795.8,7250,7092.11,6993.23,6953,7064.38,6995.19,7031.36,7023.74
1966,Dec,7288.11,,6930.82,7200.6,,6965,6977.8,7310,7213.22,6967.31,6881,7061.34,7130.19,7029.71,7050.87
1967,Jan,7184.22,,6938.46,7155.8,,6985,6857.4,7380,7132.11,6921.54,6873,7050.75,7052.56,7001.47,7012.22
1967,Feb,7156.33,,6909.03,7012.4,,6965,6837.6,7370,7025.44,6902.31,6878.33,7003.69,6984.5,6964.37,6968.61
1967,Mar,6972.89,,6968.58,7114.2,,6895,6863.4,7150,7046.56,6910.69,6920.67,6999.35,6986.31,6970.53,6973.85
1967,Apr,6926.78,,7027.99,7036.8,,6915,7210.4,7270,6977.67,7002.08,7035.67,6973.38,7064.75,7001.03,7014.44
1967,May,6976.11,,7054.11,6897.2,,6965,7183,7330,6952.11,7032.92,7067,6977.15,7048.69,7015.13,7022.19
1967,Jun,7005.67,,7040.17,6986.4,,6905,6928.8,7350,7096.56,7102.15,7101.67,7040.28,7048,7047.03,7047.24
1967,Jul,7059.89,,7044.68,6935,,6915,6802,7340,7014.33,7002.92,6968.67,7063.61,6962.13,7027.5,7013.74
1967,Aug,7105.33,,7036.89,6932.6,,6905,6689.8,7360,6991,7073.62,7031.33,7104.18,6914.56,7055.12,7025.53
1967,Sep,7285,,7058.77,6968.2,,6935,6703.4,7400,7017.67,7134,7175,7115.89,6938.19,7114.88,7077.68
1967,Oct,7270.33,,7014.01,7041.6,,6955,6923.6,7440,7114.33,7059.62,7100.67,7043.43,7065.13,7072.89,7071.26
1967,Nov,7157.33,,6964.08,7021,,7015,7076.6,7490,7051,7017.69,7052,7081.75,7084.19,7029.51,7041.02
1967,Dec,7167,,7016.8,7074.6,,7035,6991.2,7345,7094.33,7025.92,7010.33,7035.06,7074.06,7048.24,7053.67
1968,Jan,7082.56,,6893.99,7129,,7005,7059,7410,7132.11,6939.85,6938,7052.38,7118.69,6975.11,7005.34
1968,Feb,7200.22,,6910.23,7154.6,,6995,6857.4,7330,7119.89,6930.77,6935,7062.04,7043.19,7000.02,7009.11
1968,Mar,7141.67,,6934.75,7082.2,,6895,7047.6,7240,7063.22,6873.77,6854.67,6981.33,7058.88,6967.07,6986.4
1968,Apr,7046.85,,6968.3,6851.6,,6875,7301.4,7280,6891,6954.54,6996,6943.38,7042.56,6965.44,6981.67
1968,May,7004.82,,7038.32,6946.2,,6895,7007.5,7350,6978.78,6950.46,7032.67,6957.38,7005.72,6995.51,6997.66
1968,Jun,7051.7,,7070.66,6916.4,,6945,6852.8,7380,7083.22,6984.92,7001.33,6985.5,7021.13,7021.56,7021.47
1968,Jul,7062.37,,7030.3,6952.2,,6925,6757.4,7370,7025.44,7016.69,7019.33,7038.79,6956.94,7026.24,7011.65
1968,Aug,7099,,7046.18,7015.8,,6975,6719.3,7370,7056.56,7058.23,7032.67,7076.54,6965.66,7057.56,7038.21
1968,Sep,7203,,7055.76,6968.4,,6925,6789.9,7440,7018.78,7111.23,7150.67,7093.5,6967.72,7092.36,7066.12
1968,Oct,7282,,7006.88,7062.2,,6995,6749.2,7550,7123.22,7085.85,7127,7067.71,7025,7083.98,7071.57
1968,Nov,7338.59,,7047.47,7136.2,,7085,6939.4,7400,7164.33,6966.46,6979,7056.83,7103.81,7078.81,7084.07
1968,Dec,7163.26,,6893.83,7254,,7105,6869.2,7380,7202.11,6885.46,6918,7054.87,7103.13,6985.13,7009.97
1969,Jan,7065.94,,6888.83,7250.6,,7015,6824.6,7350,7174.33,6900.69,6954.33,7118.13,7066.06,6981.96,6999.67
1969,Feb,7183.33,,6978.82,7244.2,,6975,7047.6,7200,7171,6974.15,7032.67,7106.64,7122,7050.34,7065.42
1969,Mar,7009.33,,6982.02,7003.4,,7015,6918,7300,6952.11,6960.39,6973.67,6989.26,6967.13,6983.76,6980.26
1969,Apr,7137.48,,6978.93,7106.2,,6945,7398.2,7300,7065.44,6950.77,7008.33,6979.81,7176.56,7008.81,7044.12
1969,May,7019.63,,7007.73,6998,,6935,7445,7370,6984.33,6969.08,7061,6982.22,7149.31,6999.59,7031.11
1969,Jun,7033.52,,7070,7012.6,,6955,7090.2,7420,7124.33,7047.92,7035,7010.97,7121.56,7045.34,7061.39
1969,Jul,7044.63,,7076.99,6909.2,,6945,6960.6,7270,6988.78,7016.39,6913.67,7040.1,6994.81,7031.94,7024.12
1969,Aug,7102.89,,7066.61,6913.8,,7005,6902,7420,6996.56,7098.92,7029.67,7074.9,6994,7065.58,7050.51
1969,Sep,7160.89,,7088.21,6991.4,,6965,6887.6,7290,7052.11,7113.54,7098.67,7108.24,7010.13,7099.72,7080.86
1969,Oct,7204,,7081.26,7015.8,,7045,6734,7540,7053.22,7155.15,7212.33,7093.99,6983.38,7118.48,7090.04
1969,Nov,7297.52,,7085.51,7042.4,,6975,6997.6,7530,7099.33,7036.77,6960.33,7091.67,7086.69,7097.72,7095.4
1969,Dec,7404.74,,7014.44,7193,,7065,6936.4,7350,7216.56,6966.39,6887.33,7075.17,7127.88,7079.2,7089.44
1970,Jan,7210.56,,6955.2,7198,,7135,6739.2,7440,7134.33,6886.46,6857.67,7064.75,7030,7008.57,7013.08
1970,Feb,7196.83,,6958.86,7107.4,,6935,6874.8,7360,7042.11,6880.77,6835.67,7040.24,7003,6994.7,6996.45
1970,Mar,7127.44,,6984.16,6998.6,,7035,6864.6,7250,6965.44,6980.62,6956.33,7017.43,6956.06,7009.13,6997.96
1970,Apr,7045.39,,7044.13,6861.4,,6975,7333.4,7240,6869.89,7013.72,7025.67,6899.88,7044.44,7002.34,7011.21
1970,May,7047.06,,7002.21,6857,,6875,7366.2,7210,6899.89,7031,7119.67,6945.19,7063.44,7001.35,7014.42
1970,Jun,7054.06,,7055.82,6914.6,,6965,6979.8,7330,7028.78,7059.15,7001.67,6988.07,7028.31,7032.77,7031.83
1970,Jul,7098.11,,7042.32,6896.4,,6945,6864.4,7300,6969.89,7023.21,6967.67,7034.15,6956,7029.56,7014.08
1970,Aug,7118.94,,7082.8,6901.8,,6970,6841.4,7360,6939.89,7100.44,7042.67,7052.14,6937.25,7070.86,7042.73
1970,Sep,7105.72,,7062.23,6897.2,,6966,6868.4,7370,6947.11,7099.82,7137,7059.72,6950.13,7066.55,7042.04
1970,Oct,7153.83,,7085.57,6989,,6985,6908,7390,7008.78,7178.49,7186,7055.39,6999.63,7108.89,7085.89
1970,Nov,7110.5,,7125.39,7099.6,,7045,6930.4,7410,7069.89,7036.28,6927,7063.75,7046,7083.56,7075.65
1970,Dec,7143.44,,7053.52,7218,,7205,7078.2,7330,7158.78,7011.85,7011,7042.72,7147.19,7068.12,7084.77
1971,Jan,7004.89,,6960.83,7069.8,,7095,6812,7510,7011,6931.62,6982,6997,6985.25,6976.07,6978
1971,Feb,7064.52,,6985.11,6991.6,,6945,6985.4,7350,6964.33,6922.39,6945.33,6949.52,6993.81,6977.24,6980.73
1971,Mar,7065,,6995.63,7068.8,,7055,7082.4,7250,7032.11,6937.23,6910,6923.67,7062.88,6985.6,7001.87
1971,Apr,7089.93,,7032.75,7007.2,,6995,7420.6,7250,7001,6963.44,7015.33,6925.13,7147.31,7008.96,7038.08
1971,May,7015.69,,7066.86,6949.2,,6965,7540.2,7320,6998.78,6991.85,6995,6958.65,7185.94,7015.1,7051.07
1971,Jun,7015.07,,7076.94,6988.4,,6975,6893,7320,7105.44,6999.31,6909.67,7000.21,7044.31,7024.87,7028.96
1971,Jul,7014.55,,7031.47,6943.2,,6945,6717.2,7420,7041,7004.41,6898.33,7054.46,6957.5,7012.12,7000.62
1971,Aug,7123.26,,7040.07,6975.2,,6935,6698.6,7320,7034.33,7056.64,6955.67,7074.48,6941.06,7051.1,7027.93
1971,Sep,7121.75,,7085.82,6969.8,,6945,6771,7400,7006.56,7148.1,7239,7093.92,6953.69,7103.77,7072.18
1971,Oct,7125.79,,7149.38,6942.8,,6985,6749.4,7370,6994.33,7201.13,7189.33,7049.48,6940.69,7128.51,7088.97
1971,Nov,7129.11,,7107.31,7033.2,,7085,6786,7310,7056.56,7159.26,7193,7020.56,6989.63,7108.38,7083.38
1971,Dec,7051.62,,6976.88,7130.6,,7025,6770.2,7390,7068.78,7058.85,7133.33,7011.94,6992.81,7031.16,7023.08
1972,Jan,6985.22,,6946.32,7081.4,,6965,6639,7380,7007.67,7006.23,7060.33,7007.13,6913.06,6990.2,6973.96
1972,Feb,7055.59,,6964.32,7145.4,,6955,6692.6,7290,7102.11,6948.19,6935,7004.18,6976.69,6993.45,6989.92
1972,Mar,7042.67,,7030.39,7137,,6935,7056.2,7170,7093.22,6993.23,7008.33,6993.15,7076.56,7027,7037.43
1972,Apr,7013.63,,7059.48,7050.8,,6975,7335.4,7180,7046.56,7026.73,7132,6963.25,7140.69,7035.58,7057.71
1972,May,6970.94,,7099.14,6958.4,,6935,7646.2,7260,7036.56,7120.92,7161.33,6976.47,7234.69,7059.66,7096.5
1972,Jun,7032.37,,7119.02,6996.6,,6965,7356,7350,7209.33,7117.23,7157.67,7055.22,7248.69,7088.86,7122.51
1972,Jul,6998.87,,7077.09,6991.6,,6975,7205.8,7380,7129.89,7052.73,7130,7069.14,7159.56,7054.54,7076.65
1972,Aug,7107.85,,7075.59,6987.6,,6985,7093.2,7360,7027.67,7079.04,7027.67,7118.82,7066.25,7077.21,7074.91
1972,Sep,7061.5,,7123.86,6992.2,,6975,7002.8,7390,7018.78,7164.62,7189,7116.74,7034.25,7114.67,7097.74
1972,Oct,7067.8,,7071.52,6962,,6975,7015.6,7290,6964.33,7178.08,7253,7135.82,7001.38,7102.57,7081.27
1972,Nov,7189.78,,7140.05,7100.4,,7035,7164.2,7240,7122.11,7146.15,7156.67,7118.88,7137.19,7143.53,7142.2
1972,Dec,7130.35,,7066.86,7165,,7075,7093.6,7110,7139.33,7032.23,7029.67,7127.66,7119.19,7083.31,7090.86
1973,Jan,7131.56,,7006.96,7179.6,,7105,7003,7230,7177.67,7053.85,7033.67,7076.38,7121.81,7060.78,7073.63
1973,Feb,7085.39,,7029.02,7105.6,,6975,7133.8,7160,7072.11,7059.85,7017.67,7098.9,7090.81,7059.29,7065.92
1973,Mar,7100.72,,7078.66,7049.4,,6915,7499,7260,7047.11,7118.39,7148.33,6988.89,7193.38,7079.65,7103.59
1973,Apr,6983.83,,7075.86,6808.4,,6965,7635.6,7250,6816.56,7102.62,7167.67,6905.88,7108.88,7027.49,7044.63
1973,May,7019.92,,7087.82,6869.8,,6905,7708.2,7260,6959.89,7068.15,7089.33,6951.86,7209.06,7037.15,7073.34
1973,Jun,7039.94,,7057.61,6890.8,,6925,7300.8,7330,7026.56,7050.77,7109.67,6999.11,7124.88,7034.38,7053.43
1973,Jul,7011.64,,7080.39,6864.4,,6965,7127.2,7330,6966.56,7058.85,6967.67,7027.19,7039.38,7034.68,7035.67
1973,Aug,7025.28,,7092.71,6878.4,,6945,7078.4,7270,6932.11,7116.46,7078.33,7046.6,6999.75,7063.01,7049.69
1973,Sep,7066.53,,7097.02,6910.2,,7005,6929.6,7430,6941,7189.77,7242,7019.31,6972,7093.86,7068.21
1973,Oct,7138.69,,7076.96,6945.4,,7015,6968.8,7400,6997.67,7209.54,7300,7018.97,7014.88,7107.4,7087.92
1973,Nov,7045.72,,6950.89,7152.8,,7055,6862.6,7640,7113.22,7115.46,7212.33,7011,7064.19,7038.68,7044.05
1973,Dec,7179.64,,6978.55,7249.8,,6935,6953.4,7250,7193.22,6998,7004.33,7020.88,7105.69,7042.46,7055.77
1974,Jan,7052.65,,7019.27,7127.2,,7005,6907.8,7240,7085.44,6986.92,7025.33,7038.5,7034.56,7029.13,7030.27
1974,Feb,7107.71,,6989.18,7079,,7005,6879.2,7320,7062.11,7005.62,6939,6960,7017.5,7011.61,7012.85
1974,Mar,7051.22,,6941.55,7157.8,,6965,7136.4,7230,7132.11,6974.62,7048,7012.75,7129.13,6998,7025.61
1974,Apr,7041.48,,6986.18,7030.8,,6935,7566.8,7210,7045.44,7008.39,7169,6978.13,7211.75,7011.07,7053.32
1974,May,7013.92,,7048.18,6933.4,,6925,7901.2,7240,7041,7094.62,7196,6982.88,7315,7042.22,7099.65
1974,Jun,7035.44,,7083.91,6968.2,,6895,7477.6,7340,7136.56,7122.46,7106.44,7038.75,7240.75,7070.46,7106.31
1974,Jul,7003.85,,7070.39,6979.8,,6945,7154.4,7340,7127.67,7076.39,6984.11,7059.13,7137.88,7048.34,7067.19
1974,Aug,6984.48,,7044.07,6916.8,,6925,6954.6,7320,6985.44,7104.46,7025,7060.63,6992.94,7038.86,7029.2
1974,Sep,7025.44,,7082.86,6927.6,,6915,6873.6,7290,6952.11,7196.62,7173.44,7096.63,6946.38,7092.32,7061.6
1974,Oct,7171.48,,6975.91,6870.2,,6945,6785.2,7405,6925.44,7147,7236.67,7049.13,6912.81,7056.31,7026.1
1974,Nov,7191.5,,7006.75,7023.2,,7005,7066.4,7485,7048.78,7045.15,7141.22,7016.88,7078.81,7052.23,7057.82
1974,Dec,7248.29,,7020.77,7070.2,,7045,7106.2,7230,7098.78,6986.85,6980.11,7001.63,7105.94,7047.08,7059.47
1975,Jan,7092.73,,6944.27,7035,,7005,6947,7260,7002.11,6964.13,7016.67,6978.5,7001.19,6986.59,6989.66
1975,Feb,7124.54,,6972.86,7116.6,,6975,6830.8,7310,7067.67,7067.23,7013.5,6993.63,7003,7032.84,7026.56
1975,Mar,7025.5,,6984.41,7057.4,,7015,7101,7180,7005.44,7039.77,7101.67,6985.88,7046.81,7014.71,7021.47
1975,Apr,6959.85,,6961.5,6906.8,,6995,7428,7080,6885.44,7046.65,7185.67,6956.13,7074,6985.64,7004.24
1975,May,6980.97,,7057.32,6874.6,,6945,7406,7270,6912.11,7123.46,7188.67,6931.13,7090.88,7034.71,7046.54
1975,Jun,6965.43,,7071.46,6874.6,,6945,7142.6,7340,6999.89,7127.54,7151.89,6980.63,7062.31,7043.21,7047.23
1975,Jul,7011.06,,7064.36,6909.2,,6935,6800,7380,7027.67,7130.23,7060.56,7033.88,6972.75,7053.45,7036.46
1975,Aug,7027.63,,7068.41,6903.2,,6948.33,6773.4,7380,6975.44,7143.39,7088,7034.25,6935.9,7061.2,7034.82
1975,Sep,7021.75,,7076.86,6885,,6975,6741.4,7300,6895.44,7202.92,7257.89,7064.38,6877.56,7087.31,7043.15
1975,Oct,7151.6,,7115.68,7047.8,,7015,6847.6,7410,7084.33,7145.42,7172.67,7014.38,7026.38,7111.2,7093.34
1975,Nov,7145,,7083.86,7096.6,,7080,6960.2,7330,7162.11,7092.56,7160.44,6989.5,7104.38,7087.23,7090.84
1975,Dec,7086.27,,7027.77,7038.6,,6975,6968.03,7210,7044.33,7052.82,7034.89,6964.75,7026.51,7034.83,7033.08
1976,Jan,7126.1,,6954.5,7041,,6955,6897.4,7230,7034.33,6900.39,6932,6973.25,6998.81,6977.1,6981.67
1976,Feb,7117.53,,6921.17,7093.8,,6952,6940.17,7150,7068.78,6873.65,6827.67,7002,7026.37,6960.82,6974.62
1976,Mar,7039.06,,6975.43,7000.6,,7025,7213.43,7080,6975.44,6958.87,7035.67,6944.13,7059.45,6982.32,6998.56
1976,Apr,7030,,6987.42,6980.6,,6945,7748.8,7060,6973.22,7017.95,7105.67,6951.63,7219.25,7000.99,7046.94
1976,May,7045.14,,6989.13,6923.4,,6905,7574.2,7210,7039.89,7064.08,7065,6981.75,7209.06,7011.1,7052.78
1976,Jun,7013.42,,7026,6912.9,,6955,7156.8,7170,7065.44,7108,7137.33,7022.25,7093.63,7037.52,7049.33
1976,Jul,7077.89,,7056.18,6962,,6995,7179.2,7200,7149.89,7040.05,7041.67,7086.88,7152.5,7051.46,7072.73
1976,Aug,7077.89,,7052.98,7006.8,,6971.67,7045.6,7180,7108.78,7079.35,7006.33,7066.75,7084.92,7058.08,7063.73
1976,Sep,7134.24,,7070.99,6989.8,,7035,6955.8,7260,7065.44,7117.08,7096.67,7130.25,7041.44,7092.88,7082.05
1976,Oct,7144.54,,7055.3,6974.6,,7045,7009.8,7310,7019.89,7072.73,7079.33,7100,7036.44,7072.9,7065.22
1976,Nov,7186.11,,6933.41,6984.8,,7155,6901,7380,7001,6988.63,7013.33,7106.75,7003.06,7014.67,7012.23
1976,Dec,7193.08,,6862.77,7058.2,,7060,6809.87,7180,7091,6971.45,6924.67,7113.75,7006.77,6988.71,6992.51
1977,Jan,7126.69,,6842.37,6997.6,,6975,6811.2,7330,6999.89,6891.49,6950.83,7067.38,6960,6944.02,6947.39
1977,Feb,7262.07,,6858.38,7022.6,,7025,6800.14,7070,7067.67,6860.19,6888.5,6993.13,6981.55,6952.48,6958.6
1977,Mar,7068.72,,6939.79,6940.8,,7035,7148.26,7180,6971,6967.94,7010.17,6917.63,7043.46,6965.88,6982.21
1977,Apr,6977.48,,6933.17,6816.6,,6965,7386.8,7050,6863.22,6967.59,7058.83,6892.13,7044.88,6938.37,6960.79
1977,May,6993.08,,6995.85,6951.8,,7015,7252.8,7200,7006.56,7067.62,7161.33,6934.5,7096.13,7007.41,7026.08
1977,Jun,7007.74,,7057.29,6880.8,,6985,7090,7140,7001,7077,7065.67,6983,7036.5,7029.93,7031.32
1977,Jul,7028.27,,7016.5,6860,,6990,6697.8,7240,6966.56,7025.33,7004.33,7017.13,6901.13,7006.61,6984.41
1977,Aug,7043.37,,7031.39,6981.2,,6995,6711.8,7350,7015.44,7092.46,7081,7081.63,6940.19,7051.41,7028
1977,Sep,7095.16,,7122.36,7009.6,,7040,6867.8,7180,7017.11,7181.77,7211.17,7092.13,6982.06,7122.16,7092.67
1977,Oct,7244.75,,7068.02,7014.4,,7015,7134,7270,7043.22,7078.31,7141.67,7086.63,7084,7098.45,7095.41
1977,Nov,7169.78,,7052.5,7096,,6995,6936.8,7210,7116.56,7112.46,7080,7068.25,7058.63,7090.18,7083.54
1977,Dec,7101.25,,7034.36,7256.2,,7145,7045.6,7220,7189.89,6992.89,7010.67,7105.63,7143.88,7062.21,7079.41
1978,Jan,7124.2,,6964.29,7220.1,,6995,6995.2,7030,7177.11,6887.08,6963.33,7162,7099.69,7019.18,7036.13
1978,Feb,7196.99,,7047.98,7195,,7095,7021.31,6990,7166.56,6967.62,6939.67,7116,7105.66,7068.83,7076.58
1978,Mar,7071.44,,6987.21,7045.7,,7005,6968.29,6960,7026.56,6971.69,6893.33,7084.63,7002.84,7009.65,7008.22
1978,Apr,6988.45,,7059.87,6992.2,,7035,7479.13,6950,6994.33,7011.69,7031.67,6999.13,7145.6,7023.57,7049.26
1978,May,6990.96,,7063.93,6892.6,,6945,7435,6990,6924.33,7063.92,7119.67,6973,7089.31,7029.37,7041.99
1978,Jun,6944.26,,7026.53,6911.8,,6965,7037.8,7120,6967.67,7052.62,7100,6961.13,6998.94,7005.23,7003.91
1978,Jul,6934.99,,7059.48,6894.6,,6985,6847.4,7150,6940.44,7060.62,6986,7021.75,6927.25,7018.61,6999.37
1978,Aug,7009.41,,7080.57,6945,,6965,6719.4,7260,6999.33,7061.54,7011.33,7064.5,6926,7048.87,7023
1978,Sep,7112.63,,7120.27,7009.2,,7045,6734.8,7220,7051,7166.23,7196,7076.63,6962.38,7117.79,7085.07
1978,Oct,7158.63,,7062.57,6922.6,,6985,6801.8,7210,6962.67,7154,7230,7098.38,6929.25,7098.27,7062.69
1978,Nov,7070.82,,7073.93,6934.8,,6980,6698,7200,6970.11,7146.69,7166,7070.38,6900.06,7081.77,7043.51
1978,Dec,7071,,6941,6948.8,,7085,6864,7310,6960.44,6975.46,7056.33,7036.63,6959.94,6987.13,6981.41
1979,Jan,7062.23,,7017.68,6994.6,,7015,6858.6,7230,7021.56,6924.39,6957.89,7074.75,6983.25,7006.85,7001.88
1979,Feb,7035.74,,6958.94,7166.4,,7050,6847.29,7026.67,7099.89,6943.46,6980.95,7051.69,7013.26,6997.86,7001.1
1979,Mar,7014.17,,6969.18,7024.6,,6875,7069.71,6975,6977.67,7004.15,6978.11,7016.81,6999.85,6994.92,6995.96
1979,Apr,6899.2,,7018.23,6966.6,,6905,7460.67,6920,6921,7060.23,7147.17,6960.31,7088.58,7003.9,7021.73
1979,May,6939.94,,7019.68,6902.6,,6855,7415.33,7000,6943.22,7037.54,7121.83,6968.19,7088.79,7000.07,7018.75
1979,Jun,6920.56,,7040.82,6843.2,,6990,7024.4,7150,6949.89,7073.92,7073.33,6990.56,6988.19,7008.41,7004.15
1979,Jul,6985.49,,7051.23,6928.6,,6980,6821,7110,6984.33,7094.39,7010.17,7029.38,6940.88,7035.53,7015.6
1979,Aug,6975.11,,7074.05,6921.8,,6965,6765.8,7250,6958.22,7092.46,7083,7067,6916.75,7050.02,7021.96
1979,Sep,7085.92,,7075.26,6983.6,,6935,6823.2,7183.33,6997.3,7207.15,7311.33,7090.13,6950.63,7111.58,7077.7
1979,Oct,7188.25,,7052.14,7044.4,,6985,6940.8,7265,7027.11,7116.31,7130.17,7070.5,7012.38,7092.16,7075.37
1979,Nov,7163.53,,6995.21,7043.2,,6965,6986.8,7200,7027.67,7038.54,7100.5,7031.88,7021.75,7044,7039.31
1979,Dec,7169.64,,6924.07,7170.8,,7025,7057.4,7180,7147.67,7000,7009,7072.5,7113.81,7021.95,7041.29
1980,Jan,7078.71,,6957.25,7133.2,,7035,6792.1,7090,7086.56,7040.69,6999.45,7116.25,6991.53,7031.52,7023.1
1980,Feb,7117.05,,6941.63,7167.2,,7005,6803.86,7063.33,7114.89,7008.69,7012.22,7164.88,7007.6,7034.57,7028.89
1980,Mar,7024.67,,6934.36,7034.6,,6895,6899.54,6990,7007.67,7000.54,7001.89,7043.5,6965.73,6988.53,6983.73
1980,Apr,7071.73,,7038.25,6985.8,,6885,7315.2,6890,6987.67,7064.31,7018,6976.38,7077.5,7035.28,7044.17
1980,May,6950.26,,7064.46,6926.8,,6945,7228.87,7090,6977.67,7093.23,7103.33,6983.75,7061.15,7033.27,7039.14
1980,Jun,6915.52,,7022.75,6953.6,,7015,6867.2,7130,6992.11,7068.15,7009.33,7017.38,6963.13,7009.35,6999.62
1980,Jul,6960.89,,7022,6889.8,,6975,6896.4,7170,6943.78,7042.54,6965,7040.13,6945.06,7005.83,6993.04
1980,Aug,6955.37,,7052.27,6917.8,,6975,6910.4,7240,6941,7045.62,7137,7098.5,6952.25,7035.49,7017.97
1980,Sep,7024.76,,7039,6957.2,,6985,6895,7146.67,6983.59,7104.39,7129.33,7091.88,6966.19,7055.78,7036.92
1980,Oct,7156.76,,7014.07,6948,,7025,6996,7320,6986.56,7042.62,7049.33,7058.25,7012.75,7043.81,7037.27
1980,Nov,7218.47,,6968.23,7043.2,,7115,6983.07,7230,7098.78,7041.54,7045.67,7025.13,7071.83,7039.35,7046.19
1980,Dec,7107.83,,6887.59,7151.2,,7025,6905.8,7180,7174.33,6969.46,6962.67,7064.88,7081.44,6987.73,7007.45
1981,Jan,7232.36,,6856.59,7149.8,,7005,6737.93,7060,7168.78,6906.46,6923.67,7096.25,7017.1,6983.5,6990.58
1981,Feb,7061.97,,6898.18,7097,,6845,6957.83,7100,7101,6923.62,6957.33,7024.13,7040.2,6964.58,6980.5
1981,Mar,7073.78,,6993.55,7028.2,,7065,7187.17,7170,7039.89,6954.92,6936.33,7006.88,7095.62,6999.02,7019.35
1981,Apr,6964.14,,6920.27,6954.2,,6995,7367.47,6890,6986.56,6971.08,7056.67,6977.88,7100.08,6955.19,6985.69
1981,May,6958.57,,7060.09,6943.4,,6955,7244.4,7050,7022.11,7061.31,7145.67,7011.5,7089.13,7033.2,7044.98
1981,Jun,7004.81,,7056.05,6953.8,,6995,7114.93,7110,7058.78,7019.85,7145,7016.5,7075.54,7031.17,7040.51
1981,Jul,6921.39,,7050.64,6896.2,,7035,6891.9,7090,6979.89,7071.31,7067.33,7068.63,6962.72,7026.09,7012.75
1981,Aug,6994.52,,7074.32,6934.6,,7015,6903.6,7050,6978.78,7101.85,7084.67,7050.38,6962,7054,7034.63
1981,Sep,7109.05,,7106,6953.2,,7085,6957.6,7110,6998.78,7108.31,7143.67,7055.25,6998.25,7089.34,7070.16
1981,Oct,7084.16,,7023.09,7042,,7085,7053.6,7100,7065.44,7070.39,7146.33,7074.63,7065.13,7057.11,7058.8
1981,Nov,7236.29,,7050.77,7170.8,,7105,7059.93,6990,7211,7108.62,7116.67,7079.38,7143.35,7108.24,7115.64
1981,Dec,7188.14,,6982.23,7201.8,,7010,7039.2,7010,7195.44,6951.77,7034.33,7056,7123.44,7037.25,7055.4
1982,Jan,6995.33,,6889.46,7092.6,,7085,6742.47,7010,7065.44,6905.39,6966.33,7021.75,6962.27,6947.2,6950.37
1982,Feb,6916.22,,6948.73,7124.2,,6975,6753,7060,7102.67,6965.35,6990.33,7029.13,6982.75,6974.88,6976.53
1982,Mar,6968.56,,6951.41,7158,,6955,6851.2,7035,7099.89,7014.58,7057,7067.88,7009.06,7005.69,7006.4
1982,Apr,6977.78,,6903.23,7087.2,,7045,7306.73,7000,7025.44,6976.39,7117.33,6998.5,7112.98,6969,6999.31
1982,May,6902.33,,7024.64,6887.8,,7015,7205,6995,6958.78,7029.39,7110.67,7023.5,7041.5,7000.07,7008.79
1982,Jun,6902.78,,7150.23,6980.4,,7085,6988.67,7160,7057.11,7093.65,7032.33,7044.63,7043.9,7066.73,7061.92
1982,Jul,6932.56,,7053.18,6962.8,,6955,6771.4,7180,7084.33,7030.46,6924.33,7078.88,6984.44,7019.62,7012.21
1982,Aug,6926.33,,7048.18,6970.8,,7020,6679,7110,7024.33,7055.58,6971,7117.88,6921.5,7030.49,7007.55
1982,Sep,7031.33,,7072.23,7019.8,,7055,6708.6,7240,7033.22,7125.46,7135,7194.63,6946.06,7092.72,7061.84
1982,Oct,7097.67,,7137.64,7100.6,,7055,6737,7150,7104.33,7173.27,7214.33,7166.5,6989.31,7143.96,7111.4
1982,Nov,7131.22,,6983.32,7230.8,,6985,6832,7080,7197.67,7126.5,7188,7244.38,7062.75,7102.19,7093.89
1982,Dec,7205.78,,7016.86,7270.8,,6995,6961.6,7085,7216,7096.42,7147.67,7186,7114.5,7112.69,7113.07
1983,Jan,7245.56,,6992.09,7366.8,,6985,6785.4,7100,7301,7080.92,7089,7221.06,7107.56,7115.96,7114.19
1983,Feb,7281.17,,7083.09,7394.6,,7025,7019.8,7020,7354.33,7095.31,7084.33,7199.94,7208.31,7157.05,7167.84
1983,Mar,7096.89,,7122.91,7320.6,,7015,7237.4,6900,7235.44,7139.69,7104.33,7142.94,7201.31,7140.86,7153.59
1983,Apr,6963.89,,7124.73,7064.6,,6935,7432,6920,7025.44,7080.85,7067.33,7072.19,7140.25,7076.21,7089.69
1983,May,6987,,7072.41,7012.8,,6965,7787.8,6940,7014.33,7075.69,7204,7066.38,7248.31,7061.12,7100.53
1983,Jun,7006.33,,7087.23,7014,,6995,7244.4,7210,7097.11,7110.39,7169.33,7125.31,7143.81,7083.19,7095.95
1983,Jul,7045.78,,7100.96,7050.6,,7055,6815.8,7134,7119.33,7092.31,7115,7173.88,7021.38,7097.03,7081.11
1983,Aug,7087.89,,7119.41,7042,,7025,6724.6,7110,7073.22,7080.46,7092.33,7200.38,6963.56,7109.23,7078.57
1983,Sep,7063.56,,7111.73,7019.6,,7025,6715.4,7370,7033.22,7149.77,7217,7259.75,6954.44,7130.07,7093.09
1983,Oct,7134.33,,7149.41,7012.4,,7045,6712.2,7200,7033.22,7196.69,7273.67,7181.5,6944.06,7156.47,7111.75
1983,Nov,7244,,7125.32,7301,,7175,7153,7170,7304.33,7135.39,7173,7143.63,7240.56,7164.77,7180.72
1983,Dec,6953.78,,7029.91,7105.6,,7105,6955.6,7160,7055.44,7000.54,7028.33,7106.38,7033.88,7028.55,7029.67
1984,Jan,7059.67,,6985.41,7017.2,,7085,6722.6,7190,7015.44,7024.39,7041.33,7072.88,6939.19,7022.1,7004.65
1984,Feb,7166,,7007.32,7131.8,,6935,7017,7030,7123.22,6968.46,6964.67,7026.5,7072.44,7033.5,7041.7
1984,Mar,7114,,7061.23,7092.2,,6975,7112.3,6935,7074.33,7032.39,6959.67,7024.38,7071.28,7055.48,7058.81
1984,Apr,7038.67,,7185.05,7011.4,,7005,7593.8,6935,7003.22,7091.62,7012,6956.63,7183.63,7089.27,7109.13
1984,May,6973.11,,7056.32,6992.8,,6955,7406.2,6927.5,6991.56,7040.15,7113.67,7000.5,7114.84,7030.47,7048.23
1984,Jun,6995.11,,7093.55,6949.4,,6965,7152.3,7185,7028.22,7087.39,7135.33,7055.13,7072.84,7062.4,7064.6
1984,Jul,6976.33,,7063.55,6917.6,,6985,6973.8,7088,7028.78,7070.69,7045.67,7129.63,7012.56,7047.77,7040.36
1984,Aug,7032.33,,7123.18,6972.6,,6995,6877.4,7110,7032.67,7104.15,7082.83,7148.5,6986.63,7094.24,7071.59
1984,Sep,7074.22,,7085.59,7005.8,,7025,6760.4,7210,7028.22,7182.85,7246.33,7194.25,6955.69,7120.83,7086.07
1984,Oct,7117.22,,7133.27,7063.2,,7005,6693.93,7176.67,7092.11,7213.77,7311,7085.25,6967.52,7144.95,7107.6
1984,Nov,7182.89,,7075.14,7256.2,,7105,6942.5,7170,7216.56,7145.08,7202.83,7074,7121.03,7127.78,7126.36
1984,Dec,7036.78,,6988.91,7076.6,,7025,6803.6,7240,7033.22,7066.92,7148.83,7071.63,6973.88,7039.33,7025.55
1985,Jan,7115.67,,6959.18,6992.6,,7185,6800,7280,6973.22,6993.39,7010.67,7041.13,6951.5,7006.35,6994.8
1985,Feb,6958.44,,6955.14,6937.4,,6965,6954,7040,6931,6963.15,7008.5,6981,6947.13,6962.01,6958.88
1985,Mar,6952.78,,6956.32,6932.2,,6975,7047.2,6970,6918.78,6995.85,7067.17,6933.38,6965.63,6964.83,6964.99
1985,Apr,6973.11,,7003.5,6940.6,,6945,7261,6950,6936.56,6988.31,7123.5,6962.13,7039.31,6990.89,7001.09
1985,May,6902.78,,7073.23,6922.6,,6945,7373,6915,6953.22,7082.77,7116,6954.38,7081.5,7023.47,7035.68
1985,Jun,6951.33,,7063.21,6933.6,,6945,7010.2,7160,7024.33,7055.46,7099.67,7050.75,7023.44,7034.11,7031.86
1985,Jul,6907.56,,7074.24,6923.6,,6965,6884.8,7042,6973.22,7075.23,6989,7077.75,6949.38,7033.11,7015.48
1985,Aug,6898.89,,7091.62,6916.4,,6965,6895.2,7110,6916.56,7181.39,7060,7058,6925,7061.5,7032.76
1985,Sep,6921.89,,7089.86,6982.8,,6975,6785.4,7143.33,6946.56,7198.79,7281,7125,6910.27,7093.59,7055
1985,Oct,7052.89,,7077.93,6994.2,,7035,6797.47,7153.33,7018.78,7276.15,7265.33,7084.25,6959.04,7120.36,7086.4
1985,Nov,6847.33,,7148.96,6977.4,,7025,6898,7170,6936.56,7160.85,7201.33,7049.63,6944.63,7081.37,7052.58
1985,Dec,7045.22,,7010.83,6979,,7065,6763.6,7320,6938.78,6998.39,7079,7037.13,6915.75,7017.56,6996.12
1986,Jan,7254.22,,6909.3,7180.4,,6955,6770,7060,7165.44,6952.15,7020.33,7061.88,7022.13,7018.81,7019.51
1986,Feb,7041.22,,7034.32,7200.2,,7015,6889.4,7050,7114.33,7020.77,7044,7108,7033.81,7056.55,7051.76
1986,Mar,7077.11,,6942.3,7121.6,,6905,6996,6900,7064.89,6948.08,7002,7049.13,7023.06,6995.94,7001.65
1986,Apr,6927.56,,7119.96,6929.8,,6925,7478.6,6930,6928.78,7086.69,7147.67,6990.25,7100.44,7052.13,7062.3
1986,May,6955.22,,7091.27,6968.2,,6925,7327.8,6902.5,6989.89,7145.85,7217.33,6989,7085.97,7065.1,7069.49
1986,Jun,6947.78,,7050.3,6955.8,,6985,7029.6,7250,7054.33,7138.92,7135,7006.88,7054.5,7044.69,7046.76
1986,Jul,6920.11,,7100.62,6918.8,,7015,6983.8,6996,6991.83,7069.54,6968,7068.38,6991.03,7040.73,7030.27
1986,Aug,6957.67,,7089.65,6937.6,,6975,6996.2,7055,6956.56,7090.62,7007.67,7085.88,6976.25,7052.79,7036.68
1986,Sep,6900.56,,7066.36,6970.6,,6995,6923.7,7076.67,6972.11,7182.19,7193,7101.5,6964.95,7069.63,7047.59
1986,Oct,7041.28,,7102.67,6960.2,,7055,6988.4,7130,6964.33,7181.85,7268,7113,6987.88,7108.39,7083.02
1986,Nov,7085.89,,7037.73,7032.8,,7005,6855.8,7100,7028.78,7158.15,7232.67,7102.88,6977.69,7089.07,7065.62
1986,Dec,7202.78,,7021.53,7122.6,,6965,6829.2,7000,7107.67,7091.69,7141.67,7123.5,7005,7091.95,7073.64
1987,Jan,7211.5,,7045,7126.8,,7065,6948.2,6960,7124.33,7048.92,7001.67,7055.38,7055.31,7076.86,7072.32
1987,Feb,7170.22,,6963.46,7149.8,,7085,6812.4,6850,7125.44,7052.62,7041.33,7093.75,7007.88,7050.58,7041.59
1987,Mar,7019.28,,7111.68,7130.4,,6955,7088.6,6770,7099.89,7149.85,7157.33,7018,7066.69,7097.44,7090.97
1987,Apr,7040.11,,7135.27,6937.6,,6885,7358,6840,6971,7025.08,6932,6960.88,7078.38,7047.23,7053.79
1987,May,7013.78,,7045.59,6988.4,,6915,6928.8,6890,7041.56,7066.62,7045,7050.25,6988.94,7041.2,7030.2
1987,Jun,7038.67,,7082.41,6906.6,,6975,6922.8,7010,7008.22,7073.46,7163.67,7020.63,6979.56,7055.08,7039.18
1987,Jul,6954.11,,7098.64,6978,,6995,6803.6,6950,7029.89,7103.62,7125.33,7087.38,6952,7067.82,7043.43
1987,Aug,6898.22,,7108.41,6929.8,,7005,6688,7000,6950.63,7086.04,7008.67,7114.13,6875.04,7052.93,7015.48
1987,Sep,7059.67,,7111.32,6941.2,,6995,6694,7010,6955.44,7138.67,7132,7122.25,6879.63,7097.81,7051.88
1987,Oct,7117.67,,7046.96,6947.4,,6975,6831.4,7040,6945.44,7075.95,7129.33,7105.75,6917.56,7067.51,7035.94
1987,Nov,7217.11,,7016.23,7045.2,,7025,6648.8,7040,7072.11,7103.18,7164,7109.5,6934.88,7087.44,7055.32
1987,Dec,7213.89,,7062.82,7140,,7195,6888.6,7000,7127.67,7015.74,7069.33,7059.63,7049.19,7081.61,7074.79
1988,Jan,7129.67,,6920.86,7099.2,,7005,6719.6,6980,7077.67,6965.08,7009,7014.63,6955.13,6993.53,6985.45
1988,Feb,7051,,6985.05,6931.6,,6975,6905.4,7000,6911,6964.77,6998.33,7024.25,6918.81,6991.98,6976.58
1988,Mar,7048.56,,6942.41,6947.4,,6995,6720.4,6950,6934.33,6961.77,6969.67,6997.13,6872.25,6971.6,6950.68
1988,Apr,7011.67,,7130,6970,,7045,7397.6,7010,6963.22,7059.92,7032,6993.13,7107,7060.58,7070.36
1988,May,6999.78,,7074.39,6986.8,,6955,7029.6,7040,7029.89,7033.54,7071.67,6966.38,7025.75,7032.51,7031.09
1988,Jun,6998.89,,7080.96,6933.4,,7035,6746.4,7030,7019.89,7078.89,7133.5,6969.5,6936,7043.67,7021
1988,Jul,6972,,7033.32,6897.4,,6965,6654.6,7100,6976.83,7039.04,7052.67,7063.25,6883.09,7018.99,6990.38
1988,Aug,7003.78,,7059.64,6914.4,,6995,6724.6,7020,6955.81,7064.85,7032.33,7077,6890.02,7041.23,7009.4
1988,Sep,7011.78,,7054.91,6898,,7015,6622.8,7070,6921,7183.46,7240.33,7066.38,6843,7074.02,7025.38
1988,Oct,7082.56,,7050.59,6934.4,,6995,6833.8,7190,6949.89,7136.67,7144.67,7039.63,6931.44,7067.59,7038.93
1988,Nov,7211.33,,7004.46,7132.2,,7115,7141.4,7150,7142.11,7080.55,7056.67,6986,7140.69,7062.77,7079.17
1988,Dec,7070.61,,6951.77,6973.6,,7055,6738.8,7000,6962.11,6971.91,6976.33,6973.5,6900.5,6979.91,6963.19
1989,Jan,7010.78,,6947.91,6986.8,,7105,6659,6960,6969.89,6978.92,7062,6933,6880.56,6971.02,6951.97
1989,Feb,6707.78,,6935.18,6905.4,,6985,6633.2,7090,6844.33,6966.62,7011,6925.88,6802.5,6907.95,6885.75
1989,Mar,6933.78,,6962.91,7108.2,,6945,6582,6895,7057.67,7044.31,6997.67,6987.25,6891.81,6993.27,6971.91
1989,Apr,6858,,6972.46,6977.8,,6786,7012.3,6870,6941,7004.31,7066.67,6983.5,6949.16,6968.82,6964.68
1989,May,6888.33,,7053.36,6947.6,,6875,7144.4,6990,6976.56,7028.15,7083.33,6996.13,7023.5,7008.2,7011.42
1989,Jun,6898.33,,7078.82,6930.6,,6935,7001.8,7020,7007.67,7069.69,7098.67,7014.75,7002.06,7029.87,7024.01
1989,Jul,6918.89,,7073.82,6932.4,,6955,6734.2,7045,6994.33,7083.54,7038,7062,6913.75,7037.53,7011.47
1989,Aug,6907.67,,7105.18,6917,,7015,6629.4,7040,6953.22,7125.08,7126,7085,6861.31,7062.53,7020.17
1989,Sep,6954.44,,7097,6950.4,,6955,6557.8,7130,6941,7187.39,7218,7117.13,6833.94,7091.72,7037.45
1989,Oct,7047.67,,7067.46,6968.2,,6975,6676.8,7090,6992.11,7119.69,7208,7061.25,6898.63,7073.73,7036.87
1989,Nov,7046,,7007.46,6989.6,,7065,6929.4,7225,7036.56,7039.69,7121,7073.88,7016.63,7033.27,7029.76
1989,Dec,7069.44,,6898.82,6974.8,,7105,6757.8,7000,7005.44,6923.54,6876.33,7050.63,6933.94,6955.22,6950.74
1990,Jan,7055.67,,6919.73,7105.8,,7015,6844,6940,7087.67,6899.69,6928,7041.25,6997.75,6967.9,6974.18
1990,Feb,6943.56,,6941.27,7068,,6985,6847.2,7180,7025.44,6955.08,7030.67,6991.13,6976.88,6966.28,6968.51
1990,Mar,6961.22,,6925,6982.2,,6875,6939.6,6840,6955.44,7076.62,7152,6959.5,6938.25,6984,6974.37
1990,Apr,6844.56,,6964.05,6955.4,,6845,7224,6790,6936.56,7042.77,7192,7003.75,7011.5,6979.15,6985.96
1990,May,6842.33,,7076.41,6932.8,,6935,7216.8,6820,6954.33,7105.08,7246.67,6979.25,7026.75,7031.1,7030.18
1990,Jun,6933.44,,7059.77,6999.4,,6965,6986.8,6940,7088.78,7086.62,7110,7022.5,7039.88,7039.15,7039.3
1990,Jul,6900.22,,7071.27,6957,,7015,6778.4,6990,7008.78,7085.85,7086.33,7084.25,6936,7041.73,7019.47
1990,Aug,6965.67,,7115.43,6980,,7015,6696.6,7010,6998.78,7142.77,7119,7102,6906.06,7085.99,7048.11
1990,Sep,7019,,7098.48,6975.4,,6985,6625.4,7020,6957.67,7166.62,7157.67,7126.13,6859.44,7097.71,7047.55
1990,Oct,7076,,7075.25,6980.2,,7005,6928.6,7270,7016.56,7151.23,7191.33,7098.75,7004.19,7092.84,7074.18
1990,Nov,6986.44,,7022.91,7082.6,,7165,6995.2,7300,7122.11,7134.31,7247.33,7076.75,7096.25,7064.95,7071.54
1990,Dec,6900.89,,6969.89,7019.8,,7035,6958.8,7025,7021,7022.77,7108.33,7040.38,7002.69,6991.48,6993.84
1991,Jan,6870.33,,7015.55,7017.2,,7025,6895.8,6975,6971,7080.54,7117.67,7037.88,6951.13,7016.07,7002.4
1991,Feb,7053.78,,6974.09,7136.8,,6985,6891.4,7270,7126.56,6975.15,7012.67,7064.75,7053.19,7013.85,7022.13
1991,Mar,6899.89,,7095.48,7095,,7055,7281.4,7140,7031,7074,7087.67,7028,7117.56,7052.06,7065.85
1991,Apr,6897.11,,7039.5,6962.2,,6955,7578,7060,6936.56,7102.23,7253.33,6931.38,7145.88,7021.57,7047.74
1991,May,6873,,7064.05,6917.2,,7005,7165,7180,6946,7170.23,7360,6942.13,7032.75,7044.7,7042.18
1991,Jun,6861.44,,7108.21,6892.8,,7065,6799.8,6975,6979.89,7157.69,7200,7013.13,6928.63,7055.88,7029.09
1991,Jul,6889.11,,7108.05,6906.2,,7055,6669.4,7150,6972.85,7140.31,7056,7077.75,6894.23,7058.73,7024.1
1991,Aug,7004,,7081.11,6997.8,,7015,6674.6,6990,7029.52,7148,7066.33,7090.25,6915.23,7077.58,7043.4
1991,Sep,7023.89,,7076.71,6942.2,,7035,6605.8,7190,6941.56,7231.31,7282.33,7130.25,6858,7108.49,7055.76
1991,Oct,6994.67,,7107,6952.8,,7005,6738.6,7140,6961.56,7222.62,7269.67,7140.25,6905.75,7114.92,7070.88
1991,Nov,7144.33,,7073.05,7034.6,,7045,6871.4,7120,7086,7127.15,7185.67,7097.13,7018.5,7101.1,7083.71
1991,Dec,7187.78,,6990.55,7092.8,,7105,6739.9,7050,7094.89,6981,7150.33,7112.38,6981.78,7050.82,7036.28
1992,Jan,7277.67,,7026.05,7203,,7125,6723.4,7010,7196.93,7033,7127.33,7166.63,7032.77,7103.85,7088.89
1992,Feb,7186,,7041.98,7290.8,,7085,6948.4,6870,7274.33,7058.08,7144.67,7219.88,7135.38,7116.66,7120.6
1992,Mar,7031.56,,7025.27,7116.4,,7025,6779.6,6830,7069.33,6989,7083,7205.13,6961.06,7052.82,7033.5
1992,Apr,6988.89,,7064.84,7085.4,,6995,7091.2,6800,7074.89,7058.62,7163.33,7093,7057.81,7062.49,7061.51
1992,May,6883.06,,7080.25,6956.2,,6905,7154.2,6920,6994.89,7095.77,7125.67,7068.63,7034.38,7044.42,7042.3
1992,Jun,6909.56,,7124.64,6952.6,,7015,6846.2,7010,7016.56,7181.69,7118,7053.38,6962.81,7080.57,7055.78
1992,Jul,6900.5,,7123.23,6962.8,,7025,6819.2,6990,7003.59,7087.15,7058.67,7118.13,6946.46,7064.73,7039.83
1992,Aug,6936.94,,7090.68,6945.8,,7005,6756.4,7010,6966.93,7127.92,7120.33,7129.13,6906.21,7070.23,7035.7
1992,Sep,6983,,7083.82,6963.4,,6965,6744.8,7150,6978.22,7200.69,7261.67,7133.25,6915.19,7099.47,7060.67
1992,Oct,7053.17,,7088.25,7026.8,,7045,6842.2,7030,7061,7238.92,7323.33,7156.25,6989.69,7131.33,7101.51
1992,Nov,7118.11,,7069.61,7031.8,,6995,6994.6,6980,7066.56,7131.23,7201,7119.38,7034.19,7100.29,7086.38
1992,Dec,7000.11,,7056.16,7112.8,,6955,6954.8,6960,7084.33,7042.27,7147.33,7108.25,7028,7060.97,7054.03
1993,Jan,6964,,7018.76,7161,,6985,6829,6930,7105.07,7107.46,7146.33,7184.13,7000.35,7070.05,7055.37
1993,Feb,7030.78,,7049.11,7107.4,,7030,6969,6840,7075.44,7088.81,7145.67,7158.75,7024.63,7079.26,7067.76
1993,Mar,7016.22,,7027.73,7075.6,,7005,6975,6720,7045.44,7006.85,7069,7072.88,7000.56,7033.55,7026.61
1993,Apr,7015.11,,7168.85,7100.8,,6985,7653,6730,7074.33,7089.54,7119,7009.13,7228.06,7099.15,7126.29
1993,May,6967.89,,7117.73,7111,,6995,7279,6990,7113.22,7099.31,7215,7066.5,7149.94,7088.73,7101.62
1993,Jun,6965.22,,7092.11,7034.6,,7025,7167,6960,7067.67,7088.23,7238.67,7087,7089.31,7074.09,7077.3
1993,Jul,6865.67,,7127.14,6944.8,,7055,6963,7010,6959.89,7069.85,7054.67,7122.38,6969.94,7056.05,7037.92
1993,Aug,6884.22,,7126.71,6946.8,,7015,6853,7000,6945.44,7110.08,7044.67,7115,6924.31,7066.08,7036.23
1993,Sep,6868.56,,7119.77,6944.2,,7035,6759,7180,6915.44,7162.62,7183.67,7134.75,6890.56,7081.93,7041.65
1993,Oct,6989.94,,7093.68,6969,,7015,6895,7160,6942.11,7222.08,7251.67,7137.88,6945.56,7109.34,7074.86
1993,Nov,6963.78,,7024.77,6915.4,,7025,6881,7040,6923.22,7091.39,7159.67,7084.88,6923.69,7035.7,7012.12
1993,Dec,7136.33,,7084.36,7090.4,,7055,6865,6990,7087.67,7055.62,7080.33,7070.63,7009.94,7084.4,7068.72
1994,Jan,7002.78,,6935.44,7086.8,,6985,6742,6910,7058.78,6933.92,7028.33,7069.25,6945.88,6980.31,6973.06
1994,Feb,6925.61,,6986.92,7123.8,,6975,6775,6830,7083.22,7019.52,7061.67,7047.13,6964.31,7007.96,6998.77
1994,Mar,6955.17,,7047.3,7029.2,,6985,6901,6800,7001,7039.27,7072.33,7019.63,6956.19,7027.79,7012.72
1994,Apr,6899.11,,7002.27,6956,,6935,7237,6840,6958.78,7047.39,7212.33,6952.75,7036.81,6996.61,7005.08
1994,May,6918.17,,7098.11,6946.2,,7015,7315,6950,6986.56,7105.46,7170.67,6984.88,7088.69,7048.58,7057.03
1994,Jun,6919.5,,7059,6947.6,,6975,7113,6880,7003.22,7071.05,7097,7025.75,7028.06,7028.87,7028.7
1994,Jul,6883.44,,7072.21,6909.6,,6995,7019,6970,6962.11,7087.03,7041.67,7080.38,6982.44,7033.11,7022.45
1994,Aug,6847.11,,7087.21,6938,,7025,6773,7090,6952.11,7148.85,7151,7104.38,6909.31,7057.59,7026.38
1994,Sep,6997,,7114.5,6954.4,,7045,6781,7100,6961,7209.46,7228.67,7114.13,6918.69,7109.77,7069.54
1994,Oct,7080.56,,7108.09,6983.6,,7075,6713,7130,6976.56,7255.08,7346,7106,6909.94,7137.05,7089.24
1994,Nov,7014,,7001.64,7088.8,,7115,6799,7170,7054.33,7122.92,7241.67,7056.25,6985.56,7056.32,7041.42
1994,Dec,7114.44,,7045.75,7220.8,,7035,6767,6920,7191,7140.15,7158,7089.38,7031.81,7102.53,7087.64
1995,Jan,7066.83,,6984.71,7305.2,,7015,7097,6880,7212.11,6996.83,7007.67,7163.75,7143.06,7051.38,7070.68
1995,Feb,6920.22,,6915.68,7133.2,,6955,6835,6890,7062.11,6937.43,6949,7110.63,6973.69,6966.86,6968.3
1995,Mar,6888.67,,7020.27,7200.8,,6845,7215,6640,7098.22,7087.62,7166,7121.25,7090.25,7050.92,7059.2
1995,Apr,6885.22,,7002.14,6978.4,,6995,6927,6850,6965.44,7111.92,7285.33,6980.38,6948.06,7017.67,7003.01
1995,May,6820.06,,7110.96,6948.2,,6965,6997,6860,6937.67,7148.31,7247,7009.5,6953.06,7055.13,7033.64
1995,Jun,6868.11,,7065.46,6945.2,,6990,6791,6900,6976.56,7131.49,7177,7042.38,6914.63,7042.64,7015.69
1995,Jul,6879.56,,7091.55,6979.4,,7030,6643,7040,6978.78,7131.9,7081.33,7097.25,6880.88,7059.39,7021.81
1995,Aug,6902.74,,7165.59,6960.4,,7025,6647,7120,6974.89,7285.31,7320.67,7142.13,6884.63,7139.63,7085.94
1995,Sep,6979.04,,7142.64,6981.4,,7090,6531,7140,6968.78,7306.64,7366.33,7136.13,6850.25,7150.51,7087.3
1995,Oct,7063.44,,7118.3,6968.6,,7055,6737,7120,6989.89,7278.77,7430,7093.88,6923.06,7144.69,7098.03
1995,Nov,7017.78,,7098.86,7098.8,,7065,7043,7100,7111,7116.82,7208.67,7055.25,7086.19,7090.26,7089.4
1995,Dec,7080.19,,7037.96,7246.6,,7205,6933,6960,7198.78,7070.41,7085.33,7089.63,7101.19,7077.97,7082.86
1996,Jan,6896.44,,7110.34,7163.8,,7075,6883,6960,7122.11,7009.65,6994.33,7031.63,7034.31,7044.6,7042.43
1996,Feb,6942.33,,7017.39,7241.4,,7015,7015,6970,7134.89,6985.19,7000.67,7101.63,7079.63,7028.22,7039.04
1996,Mar,6779.56,,7022.28,7016.2,,7075,6943,6870,6981,6997.35,7048.67,7027.5,6968.06,6981.98,6979.05
1996,Apr,6925.22,,7111.15,7098.2,,7055,7311,6850,7054.33,7035.65,7095.33,6979.13,7121.81,7047.43,7063.09
1996,May,6782.78,,7105.41,6968.8,,7045,7533,6880,6991.56,7076.17,7129,7018.88,7157.13,7028.94,7055.92
1996,Jun,6849.11,,7119.68,6902,,7005,7059,6990,7024.89,7069.36,7064,7018.63,7032.13,7033.79,7033.44
1996,Jul,6868.11,,7126,6936.4,,7065,7183,6960,6998.22,7072.62,7057.33,7077.5,7057.75,7050.05,7051.67
1996,Aug,6891.15,,7138.52,6931.2,,7025,6893,7070,6965.44,7157.05,7150,7112.5,6953.06,7085.26,7057.43
1996,Sep,6940.3,,7268.66,6947.6,,7135,6923,6980,6978.78,7230.05,7172,7133.44,6971.19,7161.42,7121.37
1996,Oct,6998.33,,7205.07,6999.6,,7125,6881,7030,7017.67,7261.81,7465.33,7099.75,6982.44,7168.2,7129.09
1996,Nov,6919.11,,7144.55,7034.4,,7115,7031,7090,7033.22,7157.03,7304,7056.06,7041.19,7100.43,7087.96
1996,Dec,7018.26,,7172.64,7239.4,,7085,7075,6980,7151,7081.05,7145,7087.75,7112.44,7122.5,7120.38
1997,Jan,6987.83,,7061.08,7208.2,,7175,6815.2,6970,7118.78,7021.79,7142.33,7103.38,7018.13,7063.54,7053.98
1997,Feb,6965.89,,7049.97,7028.6,,7025,6984.2,6830,7013.78,7053.17,7175,7024.88,6993.75,7039.18,7029.61
1997,Mar,6885,,7079.93,7090.8,,7095,7117.6,6840,7052.11,7077.89,7204.33,7027,7062,7050.31,7052.77
1997,Apr,6845.44,,7159.17,6984.6,,7135,7531.8,6800,6963.22,7129.5,7300.33,6968.5,7141.44,7072.77,7087.23
1997,May,6800.56,,7085.07,7055.4,,7065,7655.4,6840,7069.89,7099.64,7215.33,7075.38,7238.19,7048.3,7088.28
1997,Jun,6932.44,,7171.82,7087.4,,7035,7163.6,6980,7188.78,7160.95,7163.67,7112.38,7158.25,7118.19,7126.62
1997,Jul,6928.67,,7112.91,7002.4,,7045,6964.2,6970,7087.67,7132.54,7092.67,7130.25,7039.06,7081.62,7072.66
1997,Aug,6910.67,,7143.96,7074.4,,7035,6868.6,7060,7069.89,7169.03,7129.67,7196,7004.19,7114.82,7091.53
1997,Sep,7018,,7148.41,7120.2,,7075,6839.2,7240,7090.44,7225.62,7259.67,7218.5,7020.31,7158.13,7129.12
1997,Oct,7040.89,,7153.82,7173.6,,7125,6872.8,7230,7162.11,7195.31,7345.67,7242.5,7073.63,7168.93,7148.87
1997,Nov,7162.89,,7148.18,7288.2,,7145,6938.2,7110,7245.44,7085.46,7201.17,7285.25,7134.69,7169.39,7162.09
1997,Dec,7230.33,,7076.98,7211,,7195,6861.6,7080,7193.78,7017.23,7045.33,7249.38,7082.94,7119.61,7111.89
1998,Jan,7147.22,,7145.71,7412,,7095,7027,6920,7367.67,7052.95,7056,7238.25,7216.19,7155.88,7168.58
1998,Feb,7252.22,,7243.16,7406.8,,7095,7041,6880,7348.78,7179.28,7160.67,7218,7207.44,7236.83,7230.65
1998,Mar,6914.33,,7107.06,7093.2,,7045,7377,6820,7058.78,7111.21,7160.33,7105.5,7142.44,7080.35,7093.42
1998,Apr,6873.44,,7171.26,6979.8,,7085,7701,6900,6955.44,7106,7230.67,7014.25,7193.06,7078.53,7102.64
1998,May,6829.22,,7213.62,7024.8,,7015,7177,7060,7026.56,7160.77,7235.67,7044.38,7074.94,7107.31,7100.5
1998,Jun,6771.33,,7164.16,6976.4,,7045,7077,7030,6992.11,7090.69,7189.67,7072.63,7024.31,7062.74,7054.65
1998,Jul,6816.22,,7152.11,6953.2,,7065,7001,7050,6976.56,7077.73,7065,7125.25,6994.31,7061.1,7047.04
1998,Aug,6863.44,,7146.16,6921.8,,7025,6757,6950,6941,7142.21,7202.33,7151.88,6889.31,7087.77,7045.99
1998,Sep,6910.33,,7169.18,6947.8,,7125,6809,7070,6931,7254.58,7545.67,7155.63,6913.69,7147.43,7098.22
1998,Oct,6953.78,,7100.8,6965.6,,7105,6725,6930,6965.44,7177.46,7426,7073.5,6896.81,7096.71,7054.63
1998,Nov,7042.11,,7062.66,7200.6,,7105,6691,7040,7163.22,7096.92,7291.67,7068.13,7004.31,7090.68,7072.49
1998,Dec,6967.33,,7032.75,7077.8,,7075,6595,7090,7023.22,7053.19,7124,6974.38,6896.81,7027.9,7000.3
1999,Jan,6914.78,,6999.59,7124.8,,6995,6553,6950,7071,7045.67,7109,7016.75,6896.81,7015.04,6990.15
1999,Feb,7046.56,,7115.67,7278.8,,7045,6799,6850,7258.78,7118.87,7159.67,6985.25,7076.19,7104.4,7098.46
1999,Mar,6951.11,,7037.72,7172.6,,7045,6953,6750,7139.89,7075.33,7206.67,7001,7051.19,7047.67,7048.41
1999,Apr,6790.78,,7116.53,6905.6,,7125,7177,6810,6898.78,7108.82,7223,6970.88,6994.31,7034.32,7025.9
1999,May,6820.33,,7123.6,6911,,6975,6845,6870,6945.44,7157.15,7289.33,7003.13,6911.19,7059.89,7028.58
1999,Jun,6839.11,,7099.78,6945.4,,6995,6719,6910,7052.11,7129.77,7206.33,7038.31,6935.56,7051.45,7027.05
1999,Jul,6794.89,,7127.93,6932.4,,7065,6687,7020,7046.56,7124.5,7164.67,7075.25,6933.69,7055.75,7030.05
1999,Aug,6874.56,,7160,6956.2,,7075,6593,7050,7016.56,7186.5,7130.33,7084.94,6889.94,7094.45,7051.4
1999,Sep,6918.56,,7165.47,6897.6,,7045,6683,7110,6912.11,7324.77,7274.67,7101.52,6861.19,7137.56,7079.38
1999,Oct,6972.33,,7095.25,6904.2,,7085,6741,7070,6919.89,7247.69,7316.67,7049.31,6883.69,7098.87,7053.57
1999,Nov,7112.67,,7041.93,7126.2,,7055,6807,7050,7138.78,7132.23,7196.33,7029.69,7024.31,7085.22,7072.4
1999,Dec,7001,,7026.32,7053.8,,7095,6823,7060,7023.22,7058.92,7106,6978.38,6967.44,7029.47,7016.41
2000,Jan,6910.33,,6951.17,7103,,7115,6757,6840,7048.78,6997.08,7065,7001,6948.69,6979.98,6973.39
2000,Feb,6966.22,,6947.59,7182.4,,6995,6647,6910,7113.22,6980.92,7085.67,7055.5,6947.44,6998.47,6987.73
2000,Mar,6974.44,,7070.57,6986.4,,7025,6993,6850,6976.56,7077.58,7179.67,6993.25,6976.81,7045.8,7031.28
2000,Apr,6843.89,,7092.22,6954,,7035,7243,6770,6936.56,7084.92,7170.67,6967.63,7028.06,7029.18,7028.94
2000,May,6832.22,,7136.63,6995,,7025,7249,6960,6993.22,7113.31,7241.33,6996.13,7073.06,7060.61,7063.23
2000,Jun,6820.56,,7109.19,6951.6,,7025,6865,6990,7016.56,7109.31,7196,7072.38,6968.06,7052.22,7034.5
2000,Jul,6840.22,,7156.83,6934.2,,7055,6909,6990,7012.11,7160.58,7112,7077.88,6981.19,7078.83,7058.27
2000,Aug,6821.56,,7142.36,6909.2,,7035,6819,7000,6951,7176.52,7138.67,7086.63,6918.06,7074.6,7041.64
2000,Sep,6882.89,,7149.52,6937,,7045,6681,7100,6951,7252.69,7233.67,7109.29,6881.81,7113.01,7064.34
2000,Oct,6994.22,,7094.8,6988.6,,7065,6657,7010,6997.67,7214.08,7312.67,7073.13,6896.19,7104.71,7060.81
2000,Nov,6964.33,,7116.14,6944.8,,7165,6769,7020,6958.78,7165.46,7261.67,7032.75,6916.19,7085.93,7050.2
2000,Dec,6969.89,,6964.13,7022.4,,7145,6561,6990,6981,7006.77,7073.67,7001.75,6860.56,6989.58,6962.42
2001,Jan,7114.11,,7019.64,7044.2,,7125,6663,6900,7041,6920.04,6998.67,7017.63,6919.31,7012.96,6993.25
2001,Feb,6843.11,,6965.56,6977.8,,7065,6617,6830,6941,6930.15,7060.67,7007.38,6840.56,6950.87,6927.65
2001,Mar,6893.22,,7067.02,6960,,7055,6799,6790,6945.44,7044,7107.67,7013.38,6896.81,7021.92,6995.59
2001,Apr,6805.56,,7065.77,6917.6,,7025,7159,6720,6904.33,7033.89,7246.33,6931,6979.94,6998.54,6994.62
2001,May,6846.33,,7109.29,6880,,7005,6941,6930,6921,7108.08,7223,7025.75,6933.06,7045.02,7021.45
2001,Jun,6804.56,,7103.3,6879.8,,7025,6727,6910,6963.22,7062.31,7148,7029,6889.94,7023.31,6995.23
2001,Jul,6817.33,,7125.33,6872.6,,7065,6617,7010,6944.33,7129.85,7124.67,7066.25,6853.69,7051.14,7009.57
2001,Aug,6889.67,,7121.3,6940.6,,7055,6501,7060,7002.11,7142.85,7192.67,7077.63,6852.44,7073.91,7027.28
2001,Sep,6991.56,,7171.14,6931.2,,7055,6553,7010,6965.44,7230.77,7286.67,7109.13,6844.94,7134.64,7073.65
2001,Oct,6993.67,,7105.88,6929.4,,7075,6651,7140,6967.67,7196.69,7370.33,7072.38,6886.19,7102.77,7057.18
2001,Nov,7064.56,,7060.27,7128.2,,7075,6741,6920,7151,7166.54,7320,7068.13,7003.69,7103.63,7082.59
2001,Dec,7023.11,,7051.55,7170.8,,7115,6745,7020,7138.78,7088.85,7190.33,7035.88,7006.81,7070.15,7056.82
2002,Jan,6996.67,,6963.73,7127.6,,7125,6701,6980,7105.44,6943.54,7063,7020.25,6972.44,6990.45,6986.66
2002,Feb,6927.89,,7046.05,7042.2,,7105,6795,6810,6997.67,7004.15,7099.33,7007.38,6929.31,7016.43,6998.09
2002,Mar,6729.22,,6953.2,6985.6,,6965,6795,6770,6951,7011.62,7204.33,6977,6891.81,6950.69,6938.29
2002,Apr,6641.44,,7023.3,6916.2,,6995,7224,6800,6893.22,7091.85,7248.67,6954.63,6997.13,6974.06,6978.92
2002,May,6686.89,,7048.61,6878.2,,7005,7177,6860,6917.67,7106.77,7293,6955.75,7000.56,6992.59,6994.27
2002,Jun,6806,,7105.77,6916.8,,7005,7119,6860,7036.56,7168.15,7299.67,7009.63,7049.31,7055.45,7054.16
2002,Jul,6822.11,,7110.05,6927.6,,7045,6887,6930,7008.78,7111.77,7195.33,7077.63,6968.06,7051.97,7034.3
2002,Aug,6847.78,,7127.23,6917.6,,7065,6651,7040,6944.33,7200.69,7275.67,7084,6866.19,7085.42,7039.26
2002,Sep,6902.11,,7168.18,6954.2,,7115,6563,7120,6969.89,7293.92,7504.67,7134.5,6861.19,7150.02,7089.21
2002,Oct,6914.78,,7183.86,6888.2,,7085,6507,7080,6898.78,7285.08,7417,7083,6799.31,7139,7067.49
2002,Nov,7102.78,,7060.86,7088.8,,7135,6695,7080,7098.78,7106.5,7239,7128.63,6973.69,7097.31,7071.28
2002,Dec,7200,,7042.64,7295.8,,7205,6525,7030,7269.89,7027.54,7112.67,7151.13,7018.06,7102.03,7084.36
2003,Jan,7124.89,,6994.73,7180.2,,7165,6493,7100,7182.11,6948.77,7038.33,7087.13,6960.56,7034.25,7018.74
2003,Feb,6861,,6923.82,7040,,7015,6469,6830,6982.11,6981.92,7137,7105.13,6814.31,6971.5,6938.41
2003,Mar,6866.44,,7069,7108.8,,7005,6615,6860,7077.67,7131.62,7212.67,6960.25,6914.94,7048.18,7020.13
2003,Apr,6845.89,,7118.18,7106.4,,6965,6889,6780,7078.78,7153,7170.67,6995.25,6993.69,7070.13,7054.04
2003,May,6801.11,,7137.96,6944.2,,7005,6935,6830,6963.22,7140.85,7213,6983.13,6948.69,7055.02,7032.63
2003,Jun,6798.78,,7172.32,6914.2,,7045,6801,6900,6983.22,7143.92,7168.33,7039.25,6924.94,7070.68,7040
2003,Jul,6818.78,,7131.26,6917.2,,7045,6647,6950,6971,7109.92,7219.33,7084,6873.06,7060.03,7020.67
2003,Aug,6858.11,,7135,6983.8,,7065,6833,6950,6991,7145.77,7191,7131.75,6943.69,7085.57,7055.7
2003,Sep,6932.22,,7217.39,6942.6,,7035,6579,7090,6964.33,7290.08,7409.33,7122.5,6856.19,7164.41,7099.52
2003,Oct,7007.67,,7136.76,7052.2,,7055,6733,7080,7091,7248.85,7421,7150.63,6976.19,7150.69,7113.96
2003,Nov,6895.89,,7093.8,7060.2,,7135,7021,7090,7051,7189,7322,7077.75,7049.31,7091.21,7082.39
2003,Dec,7123.78,,7061.16,7234.4,,7155,7203,6970,7213.22,7069.62,7144.33,7108.5,7191.19,7097.29,7117.06
2004,Jan,6964.44,,6966.09,7191.6,,7245,6867,6870,7155.44,7030.69,7178,7099.5,7053.06,7027.02,7032.5
2004,Feb,7005.44,,6990.66,7147.6,,7135,6741,6840,7104.33,7043.62,7166.33,7054.5,6976.19,7034.73,7022.4
2004,Mar,6855.67,,7049,7002.8,,6975,6929,6760,6987.67,7042.69,7211.33,7050,6954.31,7023.03,7008.57
2004,Apr,6824.44,,7059.36,6956.8,,7015,7229,6740,6952.11,7039.35,7179.33,6984.25,7029.31,7007.23,7011.88
2004,May,6748.78,,7084.57,6973,,6995,7159,6850,6998.78,7084.73,7310.33,7027.13,7039.31,7028.57,7030.83
2004,Jun,6780.11,,7129.43,6955,,7075,6939,6920,7003.22,7125.77,7241,7059.38,6982.44,7057.94,7042.05
2004,Jul,6827,,7141.56,6954.4,,6955,6871,6880,6991,7117.46,7155.67,7079.13,6944.31,7065.94,7040.33
2004,Aug,6801.11,,7140.64,6983.4,,6955,6793,6960,6994.33,7144.77,7182.33,7101.13,6926.81,7074.32,7043.26
2004,Sep,6889.33,,7191.52,7008.4,,6915,6835,6950,7028.78,7250.46,7359.33,7164.88,6956.19,7148.54,7108.04
2004,Oct,6939.11,,7247.74,7039.8,,6965,6797,7010,7046.56,7262.5,7300.67,7131.63,6961.19,7174.48,7129.58
2004,Nov,6939.44,,7134.09,6980.6,,6925,6689,7010,7017.67,7183.96,7307.33,7087.25,6908.69,7105.33,7063.93
2004,Dec,6925.67,,7087.59,7087,,6985,6679,6860,7086.56,7014.04,7148.67,7120.5,6938.69,7054.76,7030.32
2005,Jan,6861.33,,7103.86,7170.8,,7095,6693,6810,7149.89,7080.35,7218,7158.63,6982.44,7080.98,7060.23
2005,Feb,6867,,7111.14,7029,,6985,6795,6660,7033.22,7141.85,7310.67,7132.5,6932.44,7087.15,7054.58
2005,Mar,6896.56,,7124.14,7088.8,,7125,6901,6780,7085.44,7055.23,7178.67,7051.13,7011.19,7065.12,7053.76
2005,Apr,6841.22,,7207.14,7041.6,,7045,7521,6840,7057.67,7143.62,7161,7016.75,7188.06,7097,7116.17
2005,May,6849,,7228.09,7077.2,,7035,7281,6810,7108.78,7174.08,7235.33,7055.25,7139.31,7124.27,7127.43
2005,Jun,6784.11,,7185.77,6972.2,,7065,6939,6850,7034.33,7202.69,7295.33,7035.88,6994.94,7096.88,7075.42
2005,Jul,6853.33,,7188.91,6961.2,,7045,6653,6970,7026.56,7182.46,7249,7111.5,6907.44,7110.88,7068.05
2005,Aug,6852.11,,7178.46,6950.2,,7025,6557,7020,6979.89,7216.15,7182,7128.13,6853.06,7112.12,7057.58
2005,Sep,6900.78,,7164.77,6913.4,,6955,6603,7160,6926.56,7296.23,7381.33,7101.75,6841.81,7135.13,7073.38
2005,Oct,7065.33,,7212.98,7026.6,,6955,6977,7040,7073.22,7253.92,7363.33,7089.25,7033.69,7175.19,7145.4
2005,Nov,7044.33,,7100.25,7030.6,,6995,6861,7060,7062.11,7103.77,7159.67,7056,6994.94,7083.89,7065.17
2005,Dec,7121.33,,7044.05,7133,,7135,6887,7010,7138.78,7021.15,7090,7074.25,7051.81,7064.42,7061.76
2006,Jan,7088.44,,7077.64,7280.4,,7125,6919,6920,7264.33,7006.31,6982.33,7050.25,7126.19,7072.28,7083.63
2006,Feb,6831.67,,7044.02,7018.4,,7125,6963,6970,6984.33,6999.23,7061,7019.88,6985.56,6997.96,6995.35
2006,Mar,6831.89,,7048.41,7172.8,,7105,7027,6830,7132.11,7062.92,7182.67,7025.38,7078.69,7033.08,7042.68
2006,Apr,6893.56,,7107.61,7117.2,,7035,7347,6830,7084.33,7083.92,7169.67,7071.75,7147.44,7069.49,7085.9
2006,May,6794.67,,7193.11,6970.4,,7025,7181,6910,6994.33,7159.15,7172.33,7065.25,7049.31,7089.34,7080.92
2006,Jun,6814.44,,7165.05,6969.2,,7015,6879,6900,7029.89,7121.31,7148.67,7071.38,6973.69,7073.35,7052.37
2006,Jul,6801.44,,7136.86,6953.2,,6905,6757,6970,6999.89,7080.62,7142,7143.88,6916.19,7060.25,7029.92
2006,Aug,6864.11,,7180.41,6953.4,,7025,6723,7020,6961,7154.31,7164.67,7139.63,6894.31,7102.17,7058.41
2006,Sep,6884.78,,7240.73,6943.6,,6965,6673,7000,6935.44,7262.39,7258.67,7149,6859.31,7155.93,7093.49
2006,Oct,6875,,7192.09,6927.8,,7145,7065,7220,6908.78,7214.31,7346.67,7138.75,6991.81,7127.93,7099.28
2006,Nov,6880.33,,7187.18,7201.4,,7095,7225,7010,7174.33,7144.15,7212.33,7105.75,7174.94,7123.42,7134.26
2006,Dec,7101.89,,7022.64,7144.6,,6955,7069,7010,7132.11,7053.23,7137,7075.5,7093.69,7064.08,7070.32
2007,Jan,6907,,7014.46,7011.8,,6955,6831,6940,7006.56,7026,7157.67,7038.25,6944.31,7010.95,6996.92
2007,Feb,6836.56,,6910.55,7098.2,,7175,6773,6970,7091,6982.46,7088.33,7005.38,6989.31,6952.2,6960.01
2007,Mar,6810.56,,6966.55,6984.4,,7025,6943,6680,7007.67,7020,7180,6941.63,6968.06,6963.57,6964.51
2007,Apr,6822.22,,7131.73,6967,,7045,7337,6710,6997.67,7077.77,7287,6955.38,7088.69,7044.13,7053.51
2007,May,6750.11,,7081.14,6890.6,,6995,7009,6850,6958.78,7187.23,7350,6974.25,6969.94,7037.78,7023.5
2007,Jun,6773.11,,7185.59,6924.2,,7055,6885,6960,7066.56,7184.39,7273,7015.38,7002.44,7083.35,7066.32
2007,Jul,6839.67,,7144.91,6976.8,,7055,6699,6960,7072.11,7156.15,7247.67,7094.25,6947.44,7085.93,7056.78
2007,Aug,6800.78,,7171.86,6965.4,,7095,6587,7000,7016.56,7181.31,7293.33,7112.13,6886.19,7099.15,7054.32
2007,Sep,6840.89,,7137.27,6936.2,,7095,6495,7040,6963.22,7249.62,7381.33,7105,6829.94,7108.3,7049.7
2007,Oct,6988.22,,7181.5,7015.4,,7145,6629,7030,7067.67,7266.31,7444,7047.88,6933.06,7152.35,7106.18
2007,Nov,6946.11,,7096.09,6968.6,,7075,6611,6980,7021,7137.31,7264,7032.38,6893.69,7071.8,7034.3
2007,Dec,6934.72,,7046.77,7120.2,,7115,6645,6840,7106.56,7054.46,7155,7011.5,6946.19,7038.46,7019.03
2008,Jan,6921.44,,7032.66,7152.8,,7085,6807,6900,7133.22,6995.77,7225,7055.63,7013.69,7030.68,7027.1
2008,Feb,6888,,7024.32,7046.2,,7055,6851,6790,7022.11,6989.69,7147,7014.25,6956.19,7002.98,6993.13
2008,Mar,6845.89,,7063.86,6946.6,,7035,6953,6720,6936.56,7007.54,7129,6927.88,6934.31,6994.32,6981.68
2008,Apr,6689.22,,7129.18,6899.2,,7060,7457,6770,6885.44,7134.69,7249,6935.88,7067.75,7025.43,7034.34
2008,May,6735.33,,7228.73,6905.6,,7025,7361,6880,6962.11,7165.69,7293,7008.75,7085.56,7088.02,7087.5
2008,Jun,6761.22,,7156.39,6924.6,,7085,7137,6890,7004.33,7101,7238,7063.88,7043.69,7057.54,7054.63
2008,Jul,6841,,7135.14,6970.4,,7075,7015,6890,7029.89,7160.08,7256,7142.88,7019.31,7089.77,7074.93
2008,Aug,6901,,7166.61,7023.4,,7085,7153,6970,7058.78,7225.69,7149.67,7177,7084.31,7128.18,7118.94
2008,Sep,6866.67,,7192.18,6944.2,,7055,6755,6930,6948.78,7351.6,7454.5,7162.25,6893.69,7166.36,7108.95
2008,Oct,6963,,7175.46,6928.4,,7095,6723,7000,6949.89,7264.77,7420.67,7089.38,6891.19,7143.13,7090.09
2008,Nov,6977.33,,7121.23,7061.6,,7115,6877,7050,7082.11,7161.69,7281.33,7076.63,7018.06,7105.5,7087.09
2008,Dec,6810.11,,7004.91,7054.8,,7165,6809,6990,7024.33,7012.54,7135.67,7065.75,6963.69,6996.15,6989.32
2009,Jan,6850.89,,7010.66,6991.6,,7160,6813.6,6940,6956.56,6944.23,7054.33,7008.75,6923.56,6972.64,6962.31
2009,Feb,6730.67,,7036.64,7041.2,,7145,6967.6,6810,6996.56,6944.69,7130.67,7042.88,6985.13,6976.73,6978.5
2009,Mar,6768.78,,7076.09,7019.8,,7075,7059.6,6720,6989.89,7087,7186.33,7003.38,7000.13,7023.48,7018.57
2009,Apr,6637.22,,7114.32,6883.2,,7075,7479.6,6720,6863.22,7105.08,7200,6954.13,7060.13,7004.42,7016.15
2009,May,6666.33,,7117.68,6947.8,,7055,7157.6,6810,6962.11,7143.31,7268.67,7022.75,7019.5,7036.27,7032.74
2009,Jun,6746.78,,7270.55,6993.2,,7115,7071.6,6960,7057.67,7216.23,7218.33,7088.13,7059.5,7130.17,7115.29
2009,Jul,6703.56,,7231,6935.6,,7095,7097.6,7000,6975.44,7173,7170.33,7097.13,7022.63,7093.82,7078.83
2009,Aug,6804.56,,7175.77,6964.8,,7085,6869.6,7000,6988.78,7189.39,7254.67,7119.88,6958.25,7101.95,7071.7
2009,Sep,6938.56,,7229.77,6985.2,,7085,6655.6,6970,7011,7375.21,7388.33,7149.5,6902,7194.44,7132.88
2009,Oct,6898.78,,7255.64,7022,,7165,6801.6,7090,7023.22,7284.23,7407,7167.13,6967,7184.6,7138.79
2009,Nov,7073.89,,7239.18,7139,,7075,6796.6,7060,7174.33,7295.54,7410.33,7097.25,7042.94,7207.88,7173.16
2009,Dec,6863.67,,7128.73,7096.2,,7215,6841.6,7080,7073.22,7192.69,7297.67,7166.25,7010.13,7113.57,7091.79
2010,Jan,7087.44,,7126.41,7346.8,,7235,6849.6,6920,7343.22,7070.46,7155,7172.13,7155.75,7134.33,7138.84
2010,Feb,6990.78,,7161.36,7198.4,,7255,6917.6,6800,7184.33,7092.08,7210,7142.44,7081.38,7123.76,7114.84
2010,Mar,6973,,7281.55,7096,,7125,7091.6,6860,7111,7109.74,7088,7020,7090.13,7138.03,7127.94
2010,Apr,6845.56,,7192.32,7097.6,,7115,7057.6,6870,7091,7086.54,7228.33,7052.19,7068.25,7092.61,7087.48
2010,May,6717.56,,7161.86,6956.2,,7125,6721.6,6840,6973.22,7133.62,7284.33,6970,6895.75,7052.5,7019.5
2010,Jun,6763.89,,7209.27,6957.6,,7145,6649.6,6870,6993.22,7161.77,7282,7022.25,6887.63,7089.9,7047.32
2010,Jul,6705.11,,7181.16,6896.4,,7115,6621.6,6940,6937.67,7178.85,7422,7058.38,6850.13,7081.19,7032.55
2010,Aug,6706,,7231.21,6931.4,,7095,6599.6,7110,6949.89,7241.54,7277,7077.63,6859.5,7111.49,7058.44
2010,Sep,6784.78,,7233.14,6960.6,,7175,6727.6,7160,6986.56,7304.23,7507.67,7081.38,6928.25,7152.07,7104.95
2010,Oct,6968.28,,7209.91,7000.6,,7215,6937.6,7210,7048.78,7220.62,7298.33,7065,7034.5,7143.64,7120.67
2010,Nov,6924.22,,7204.27,7066.2,,7165,6937.6,6990,7071,7181.62,7262,7041,7030.13,7126.97,7106.58
2010,Dec,6934.22,,7149.02,7273.8,,7295,7151.6,6990,7243.22,7009.85,7109.33,7099.5,7202,7088.46,7112.36
2011,Jan,6850.83,,7095.05,7075.2,,7245,6889.6,6920,7051,6981.62,7113,7051.38,7004.5,7027.26,7022.47
2011,Feb,6741.44,,7069.91,7045.4,,7205,6791.6,6910,7016.56,6993.65,7043.33,7022.88,6951.38,6994.48,6985.4
2011,Mar,6822.17,,7133.41,7243.6,,7075,7044.6,6620,7193.22,7089.41,7194.33,7029.25,7103.56,7075.53,7081.43
2011,Apr,6756.89,,7167.27,7048.2,,7085,7303.6,6700,7005.44,7081.31,7238.33,7020.13,7084.5,7061.1,7066.03
2011,May,6720.11,,7260.14,7000.6,,7045,7655.6,6720,7028.78,7138.23,7292,7038,7206.38,7103.07,7124.82
2011,Jun,6698.67,,7254.59,7006.4,,7125,7237.6,6860,7079.89,7164.85,7246.33,7072.88,7118.25,7106.43,7108.92
2011,Jul,6763.11,,7230.32,6978.2,,7155,6953.6,6930,7085.44,7196.39,7222,7130.25,7038.88,7118.12,7101.43
2011,Aug,6794.44,,7252.55,6948,,7095,6883.6,7030,6996.56,7243.5,7192.67,7109.75,6969.5,7134.46,7099.73
2011,Sep,6926.33,,7276.71,6970.8,,7095,6840.6,7000,7018.78,7267.39,7237,7112.5,6966.69,7172.76,7129.38
2011,Oct,6940.89,,7255.84,7005.6,,7195,6896.6,7090,7036.56,7216.46,7280.67,7083.5,7006.06,7157.48,7125.6
2011,Nov,6897.44,,7148.82,7077.6,,7125,6703.6,7030,7096.56,7178.08,7246.33,7053.75,6971.38,7103.72,7075.86
2011,Dec,6837.44,,7108.64,6910.8,,7085,6793.6,6860,6926.56,7105.62,7235,7029.25,6890.75,7046.55,7013.75
2012,Jan,6908.72,,7052.59,7111.6,,7095,6699.6,6840,7112.11,7009.08,7090.33,7038.13,6965.13,7026.46,7013.55
2012,Feb,6870.89,,7055.5,7028.6,,7135,6827.6,6790,7019.89,7075.39,7198,7005.13,6952.63,7030.28,7013.93
2012,Mar,6853.11,,7103.96,7175.4,,7065,7179.6,6720,7133.22,7106.15,7259.33,7010.75,7117.63,7068.1,7078.53
2012,Apr,6798.89,,7164.36,7134.6,,7125,7147.6,6750,7092.11,7169.31,7296.67,7013.63,7090.13,7094.65,7093.7
2012,May,6768.89,,7166.23,6960.2,,7015,6959.6,6870,6988.78,7210.46,7267.67,7024.88,6973.88,7085.27,7061.82
2012,Jun,6778.56,,7268.23,6998,,7085,6855.6,6960,7112.11,7314.08,7346.67,7086.13,7020.75,7161.83,7132.13
2012,Jul,6738.67,,7211.96,6981.4,,7115,6595.6,6980,7073.22,7207.46,7270.67,7094.13,6920.75,7108,7068.58
2012,Aug,6747.11,,7216.09,6978.2,,7095,6573.6,6990,7005.44,7262.31,7266.67,7151.69,6875.13,7129.88,7076.24
2012,Sep,6835.67,,7178.41,6938.2,,7075,6525.6,7060,6933.22,7251.62,7327.33,7156.56,6822.63,7127.38,7063.22
2012,Oct,6755.44,,7249.61,7031.6,,7135,6743.6,7030,7022.11,7254.39,7288,7145.38,6942.63,7146.38,7103.48
2012,Nov,6895.44,,7179.66,7181.6,,7115,6665.6,6960,7163.22,7266.39,7281,7106.88,6992,7151.34,7117.8
2012,Dec,6916.17,,7181.86,7304.8,,7195,6747.6,6980,7239.89,7154,7189,7126.13,7067,7139.14,7123.95
2013,Jan,6818,,7047.14,7002.8,,7145,6615.6,6920,6987.67,7091.92,7148.33,7015.75,6877,7019.65,6989.62
2013,Feb,6807.33,,7067.18,6931,,7145,6853.6,6810,6925.44,7086.77,7183,6984,6909.5,7015.8,6993.42
2013,Mar,6656,,7210.59,6948.8,,7155,7015.6,6720,6937.67,7118.15,7170,6988.38,6962,7053.9,7034.55
2013,Apr,6632.33,,7122.09,6926.8,,7055,7175.6,6740,6923.22,7147.69,7307.33,6997.63,6998.88,7030.57,7023.9
2013,May,6646.33,,7119.77,6931,,6985,7275.6,6750,6988.78,7171.39,7269,7018.5,7063.25,7038.17,7043.45
2013,Jun,6677.22,,7191.77,6966.2,,7105,7153.6,6760,7039.89,7180.12,7234,7060.88,7062,7077.93,7074.57
2013,Jul,6666.33,,7205,6930.8,,7125,6847.6,6930,6977.67,7217,7249.67,7110.13,6943.25,7093.53,7061.9
2013,Aug,6765.89,,7217.39,6978.8,,7145,6721.6,6980,7004.33,7254.23,7263.67,7103.13,6923.25,7124.84,7082.4
2013,Sep,6901.22,,7215.68,7070.2,,7095,6741.6,7020,7073.22,7304.69,7420,7148.13,6967.63,7176.88,7132.83
2013,Oct,6824.22,,7240.73,6965.2,,7140,6681.6,7090,6945.44,7317.77,7424.67,7126.75,6884.19,7165.98,7106.66
2013,Nov,6757.11,,7071.59,6987.4,,7098.33,6811.6,7000,6963.22,7213.77,7418,7099.25,6926.58,7069.22,7039.19
2013,Dec,6711.78,,7074.16,6908.4,,7155,6819.6,6890,6894.33,7132.54,7204.33,7069.63,6887,7024.54,6995.59
2014,Jan,6847.78,,7041.34,7006,,7105,6715.6,7000,6987.67,7063.15,7108.67,7091.13,6910.75,7024.09,7000.23
2014,Feb,6753.33,,7029.46,7081.8,,7065,6775.6,6800,7032.11,7126.54,7151,7048,6939.5,7021.98,7004.62
2014,Mar,6759,,7082.89,7113.2,,7075,6773.6,6680,7047.67,7146.85,7190.67,7060.88,6940.75,7053.14,7029.48
2014,Apr,6773.89,,7156.59,7067.6,,7035,7365.6,6620,7043.22,7197.46,7258.67,7060.13,7117,7092.87,7097.95
2014,May,6699.67,,7202.09,7052,,7035,7483.6,6760,7077.67,7207.77,7272.67,7087.13,7182,7103.65,7120.15
2014,Jun,6727.89,,7214.11,6962.8,,7075,7145.6,6870,7036.56,7201.77,7294,7117.63,7062.63,7108.69,7098.99
2014,Jul,6760.22,,7180.23,7001.6,,7085,6823.6,6970,7044.33,7183.31,7151.67,7163.38,6973.25,7099.33,7072.79
2014,Aug,6802.11,,7229.96,6987.6,,7085,6807.6,6880,6997.67,7268.23,7221.33,7158.38,6936.38,7143.9,7100.21
2014,Sep,6839.67,,7224.96,7062.8,,7115,6731.6,6950,7053.22,7338.69,7422,7236.5,6950.13,7189.68,7139.25
2014,Oct,7009.11,,7257.73,7188.8,,7145,6953.6,7130,7209.89,7279.77,7362,7235.63,7120.75,7221.73,7200.47
2014,Nov,6894.89,,7119.36,7126.8,,7081.67,6873.6,7100,7131,7195.39,7309.67,7144,7045.54,7115.58,7100.84
2014,Dec,7009.33,,7145.73,7298.6,,7115,6869.6,6840,7269.89,7214.04,7280.33,7220,7108.25,7169.44,7156.56
2015,Jan,6901.22,,7008.32,7114.6,,7125,6675.6,6810,7105.44,7118.54,7152.33,7134,6953.88,7048.95,7028.93
2015,Feb,6808.44,,7024.52,7144.4,,7155,6861.6,6680,7122.11,7117.92,7182.33,7122.38,7015.13,7043.28,7037.35
2015,Mar,6778.11,,7001.77,7059.6,,7125,6657.6,6700,7058.78,7095.69,7170.33,7087.5,6915.13,7013.25,6992.59
2015,Apr,6824.78,,7093.73,6991.2,,7055,7083.6,6690,7035.44,7162.77,7290,7056.13,7030.13,7064.6,7057.34
2015,May,6663.22,,7061.27,6971.4,,7055,6901.6,6670,7014.33,7192.92,7396.67,7091.63,6960.13,7043.42,7025.88
2015,Jun,6715.22,,7173.89,6966.4,,7025,6873.6,6850,7025.44,7165.62,7314,7136.25,6967,7087.99,7062.52
2015,Jul,6773.22,,7226.48,7043.6,,7085,6863.6,6930,7048.78,7204.62,7207,7201,6985.75,7134.14,7102.9
2015,Aug,6769.56,,7206.82,7034.2,,7065,6827.6,6925,7019.89,7264.23,7273.33,7187.25,6956.69,7140,7101.41
2015,Sep,6860.33,,7233.05,7067.8,,7075,6747.6,6950,7068.78,7317.77,7407,7292.75,6961.38,7198.38,7148.49
2015,Oct,6947.44,,7239.27,7120,,7145,6719.6,7030,7129.89,7419.08,7513.67,7284.13,6996.38,7244.22,7192.04
2015,Nov,6880.33,,7128.27,7103,,7065,6773.6,7010,7072.11,7306.77,7488.67,7199.88,6974.5,7155.22,7117.17
2015,Dec,7036.56,,7137.23,7362.4,,7115,6887.6,6895,7304.33,7264.39,7381.5,7209,7136.69,7190.23,7178.95
2016,Jan,7073.78,,7128.18,7294.4,,7205,6805.6,6890,7254.33,7220.69,7308.33,7154.75,7088.25,7166.47,7150
2016,Feb,6981,,7100.96,7168,,7095,6921.6,6750,7154.33,7153.08,7178.33,7115.88,7052.63,7105.7,7094.53
2016,Mar,6937.33,,7126.68,7266.2,,7085,7215.6,6630,7236.56,7166.92,7319,7111.38,7182.63,7126.2,7138.08
2016,Apr,6781.78,,7160.96,7008.6,,7075,7389.6,6640,7008.78,7238.15,7452,7017.25,7108.88,7103.5,7104.63
2016,May,6658.33,,7169.98,6941.2,,7075,7255.6,6730,6968.78,7248.15,7472,7041.38,7050.13,7089.06,7080.86
2016,Jun,6727.89,,7191.3,6947.8,,7095,7031.6,6770,6995.44,7260.46,7377.67,7082.75,6998.88,7111.33,7087.65
2016,Jul,6724.89,,7190.96,6931.4,,7125,6763.6,6890,6982.11,7195,7285,7121.5,6917,7095.73,7058.11
2016,Aug,6694.22,,7182.3,6966.8,,7095,6683.6,6970,6958.78,7259,7365.67,7162.88,6882,7114.33,7065.42
2016,Sep,6775,,7269.27,6960,,7105,6645.6,6950,6964.33,7329.92,7505,7161.75,6872.63,7179.95,7115.25
2016,Oct,6852.11,,7230.73,7200.4,,7155,6773.6,6930,7172.11,7367.92,7530.33,7143.75,7031.38,7204.52,7168.07
2016,Nov,7042.89,,7143.59,7302.4,,7185,6785.6,6920,7305.44,7296.23,7502.67,7141.25,7111.38,7192.43,7175.37
2016,Dec,6789.89,,7080,7094.8,,7225,6823.6,6950,7062.11,7166.39,7391,7095.25,6990.75,7074.02,7056.49
2017,Jan,6790.44,,7106.32,7190,,7125,6781.6,6890,7143.22,7135.46,7279.67,7162.38,7013.25,7088.37,7072.55
2017,Feb,6767.78,,7096.05,7272.2,,7195,6907.6,6900,7184.33,7088.46,7230,7170.13,7080.75,7076.42,7077.33
2017,Mar,6722.67,,7004.91,7200.4,,7115,7137.6,6790,7129.89,7080.08,7323.33,7080.25,7110.13,7021.12,7039.86
2017,Apr,6750.67,,7204.09,7164,,7055,7663.6,6750,7123.22,7212.54,7377.33,7053.25,7264.5,7123.12,7152.88
2017,May,6682.11,,7265.91,7018,,7115,7759.6,6990,7033.22,7189.08,7338.67,7068.13,7262.63,7118.3,7148.68
2017,Jun,6734,,7226.09,7034,,7135,7317.6,7030,7099.89,7247.15,7417.67,7112.88,7165.75,7135.32,7141.72
2017,Jul,6695.67,,7236.16,6944.8,,7115,7131.6,6990,6998.78,7215.31,7255.33,7138.88,7047,7114.28,7100.11
2017,Aug,6774.56,,7243.14,7000.4,,7095,6939.6,6950,7009.89,7287.62,7361.67,7178.5,6989.5,7159.57,7123.76
2017,Sep,6807.67,,7274,7013,,7135,6883.6,7020,7011,7366.31,7454.83,7178.75,6979.5,7198.64,7152.51
2017,Oct,6774.67,,7223.64,6971.4,,7125,6815.6,7100,6962.11,7361,7587.17,7138.63,6935.13,7171.88,7122.03
2017,Nov,6788,,7195.27,7194.6,,7165,7021.6,7020,7182.11,7253,7403.67,7123,7120.75,7147.42,7141.8
2017,Dec,6773.56,,7063.55,7008,,7135,6829.6,6960,6973.22,7138.54,7288.5,7099.13,6937.63,7047.66,7024.49
2018,Jan,6884,,6984.27,7205.4,,7175,6849.6,6780,7178.78,7016.69,7178.17,7096.13,7050.75,7019.29,7025.92
2018,Feb,6600.89,,7035.27,6989.4,,7005,6983.6,6750,6949.89,7096.85,7275.67,7059,6951.38,6994.82,6985.67
2018,Mar,6617.44,,7251.36,7101.2,,7165,7285.6,6660,7029.89,7212.62,7332.17,7057.88,7095.13,7113.61,7109.72
2018,Apr,6671.11,,7146.27,7043.6,,7095,7281.6,6680,7002.11,7162.08,7341,7015.13,7075.13,7062.12,7064.86
2018,May,6665.56,,7185.23,6989.8,,7065,7425.6,6750,7058.78,7189.54,7351.17,7051.25,7154.5,7082.36,7097.55
2018,Jun,6701.78,,7270.82,6965.6,,7135,7075.6,6750,7036.56,7176.39,7310.5,7092.38,7037,7117.76,7100.76
2018,Jul,6631,,7219.23,6948.8,,7095,6795.6,6860,6981,7237.08,7216,7139.25,6922.63,7101.5,7063.84
2018,Aug,6701.22,,7248.46,6988.6,,7145,6793.6,6900,6979.89,7255.54,7338,7175.75,6927,7141.03,7095.97
2018,Sep,6639,,7333.32,6972.2,,7125,6803.6,6930,6974.33,7370.62,7476.67,7169.25,6927.63,7192.45,7136.7
2018,Oct,6825.33,,7244.34,7029.8,,7205,6915.6,6900,7018.78,7334.31,7586.33,7198.38,6990.75,7194.08,7151.27
2018,Nov,6867.78,,7194.16,7048.4,,7225,7001.6,7000,7067.67,7263.39,7361.33,7175.38,7052.63,7153.91,7132.59
2018,Dec,6962.22,,7204.96,7175.8,,7225,6995.6,6890,7181,7238,7287,7144.75,7107.63,7169.35,7156.36
2019,Jan,6851,,7157.09,7193.2,,7225,6953.6,6810,7178.78,7143.23,7237,7156.63,7088.25,7115.12,7109.46
2019,Feb,6589.11,,7080.46,7157.4,,7155,6987.6,6750,7059.89,7189.08,7382,7129.25,7023.88,7058.28,7051.04
2019,Mar,6664.22,,7141.05,7025.8,,7095,6987.6,6780,6961,7225.54,7362.33,7098,6966.38,7083.55,7058.88
2019,Apr,6733.44,,7175.39,7044.6,,7095,7515.6,6730,7011,7230.39,7358.33,7076.25,7156.38,7106.04,7116.64
2019,May,6617.89,,7272.55,7015.4,,7115,7707.6,6820,6997.67,7267.23,7535,7078.38,7215.75,7139,7155.16
2019,Jun,6617.89,,7256.68,6912.6,,7145,7375.6,6810,6957.67,7277.54,7394.33,7101.38,7090.75,7122.88,7116.12
2019,Jul,6685.67,,7259.09,6968.6,,7165,7035.6,6910,7004.33,7296.08,7354,7116.75,7018.25,7142.65,7116.46
2019,Aug,6649.78,,7276.64,6982.2,,7155,6883.6,7060,6993.22,7300.85,7300.67,7130.25,6973.25,7145,7108.84
2019,Sep,6753.22,,7286.86,7053.6,,7165,6831.6,7030,7035.44,7365.23,7521,7179.13,6979.5,7201.7,7154.92
2019,Oct,6754,,7344.14,6967.4,,7195,6957.6,7040,6973.22,7463.23,7634.67,7123.75,6986.38,7235.17,7182.79
2019,Nov,6796.44,,7224.96,7006.8,,7285,7063.6,6980,6998.78,7348.08,7456.67,7183.88,7035.75,7175.28,7145.91
2019,Dec,6973.33,,7165.36,7178.8,,7235,6887.6,6910,7158.78,7202.31,7300.33,7175.13,7063.25,7153.73,7134.68
2020,Jan,6850,,7152.46,7250.2,,7225,7061.6,6760,7202.11,7163.46,7329.33,7098,7132,7119.2,7121.9
2020,Feb,6747.33,,7123.82,7018,,7165,6959.6,6820,6974.33,7149.08,7254.33,7079.38,6972,7064.6,7045.11
2020,Mar,6581.67,,7193.18,7005.2,,7135,7229.6,6670,6965.44,7177.62,7338.67,7078.13,7040.13,7074.35,7067.15
2020,Apr,6572.89,,7260.23,6947.6,,7185,7529.6,6810,6916.56,7265.15,7495.67,7028.13,7118.25,7112.97,7114.08
2020,May,6694.44,,7172.14,7052.6,,7125,7261.6,6850,7072.11,7234.46,7420.67,7063.13,7120.75,7101.92,7105.88
2020,Jun,6701.78,,7241.46,6991.4,,7125,7113.6,6910,7076.56,7304.85,7459.33,7073.5,7080.75,7141.9,7129.03
2020,Jul,6705.67,,7266.82,6974,,7135,6903.6,7000,7073.22,7267.23,7346,7122,7019.5,7142.98,7116.99
2020,Aug,6792.67,,7257.64,6975.2,,7185,6865.6,7050,7017.67,7311.31,7364,7154.38,6982.63,7167.53,7128.61
2020,Sep,6771.56,,7271.46,7026.2,,7115,6753.6,7180,7032.11,7431.39,7589.33,7164.75,6959.5,7212.35,7159.12
2020,Oct,6750.78,,7235.68,6982.8,,7125,6905.6,7120,6989.89,7418.92,7534.67,7143.25,6980.13,7184.2,7141.24
2020,Nov,6798.22,,7145.09,7082.2,,7145,6851.6,7060,7103.22,7323,7506.67,7067.38,7024.5,7134.08,7111.01
2020,Dec,6946.89,,7167.14,7091.4,,7195,6931.6,7020,7111,7153.85,7219,7062.13,7054.5,7113.5,7101.08
2021,Jan,6969.22,,7200.55,7209.2,,7225,7061.6,6760,7202.11,7146.69,7159.67,7091.5,7132,7138.32,7136.99
2021,Feb,6720.22,,7175.77,7063.4,,7165,6959.6,6820,6974.33,7187.31,7234.67,7009.13,6972,7081.3,7058.29
2021,Mar,6665.22,,7080.23,7009.4,,7135,7229.6,6670,6965.44,7202.54,7338.67,6985,7040.13,7038.8,7039.08
2021,Apr,6571.33,,7198,6911.8,,7185,7529.6,6810,6916.56,7232.23,7452.67,7027.13,7118.25,7077.52,7086.09
2021,May,6643.56,,7143.77,6914,,7125,7261.6,6850,7072.11,7202.39,7484.33,7049.38,7120.75,7066.73,7078.11
2021,Jun,6719.44,,7194.05,7008.2,,7125,7113.6,6910,7076.56,7241.92,7415,7112,7080.75,7117.85,7110.04
2021,Jul,6668.44,,7242.82,6964.8,,7135,6903.6,7000,7073.22,7236.85,7357.33,7140.38,7019.5,7124.27,7102.21
2021,Aug,6717,,7259.55,6986.6,,7185,6865.6,7050,7017.67,7307.69,7365,7164.13,6982.63,7158.4,7121.4
2021,Sep,6848.89,,7283.32,6989.6,,7115,6753.6,7180,7032.11,7336.85,7441.67,7142.38,6959.5,7194.4,7144.95
2021,Oct,6928.67,,7360.59,7093.2,,7125,6905.6,7120,6989.89,7384.39,7515.67,7131.75,6980.13,7255.92,7197.86
2021,Nov,6897.78,,7211.55,7139.2,,7145,6851.6,7060,7103.22,7315.62,7434.67,7080.38,7024.5,7174.67,7143.05
2021,Dec,6752.44,,7138.14,7238,,7195,6931.6,7020,7111,7224.77,7358,7130.63,7054.5,7117.37,7104.13
2022,Jan,6969.22,,7200.55,7209.2,,7225,7061.6,6760,7202.11,7146.69,7159.67,7091.5,7132,7138.32,7136.99
2022,Feb,6720.22,,7175.77,7063.4,,7165,6959.6,6820,6974.33,7187.31,7234.67,7009.13,6972,7081.3,7058.29
2022,Mar,6665.22,,7080.23,7009.4,,7135,7229.6,6670,6965.44,7202.54,7338.67,6985,7040.13,7038.8,7039.08
2022,Apr,6571.33,,7198,6911.8,,7185,7529.6,6810,6916.56,7232.23,7452.67,7027.13,7118.25,7077.52,7086.09
2022,May,6643.56,,7143.77,6914,,7125,7261.6,6850,7072.11,7202.39,7484.33,7049.38,7120.75,7066.73,7078.11
